CREATE DATABASE customer;

\c customer;

-- Table for storing customer information
CREATE TABLE public.customers (
    customer_id SERIAL PRIMARY KEY,
    first_name VARCHAR(50),
    last_name VARCHAR(50),
    email VARCHAR(100),
    phone_number VARCHAR(20) UNIQUE,
    address VARCHAR(255),
    city VARCHAR(255),
    state VARCHAR(255),
    postcode VARCHAR(255),
    country VARCHAR(255),
    image VARCHAR(30),
    segment VARCHAR(30)
);

-- Table for storing plans and services
CREATE TABLE plans (
    plan_id SERIAL PRIMARY KEY,
    plan_name VARCHAR(50) UNIQUE,
    description TEXT,
    type TEXT,
    monthly_fee DECIMAL(10, 2),
    sf_record VARCHAR(18)
);

-- Table for associating customers with plans
CREATE TABLE customer_plans (
    customer_plan_id SERIAL PRIMARY KEY,
    customer_id INT REFERENCES customers(customer_id),
    plan_id INT REFERENCES plans(plan_id),
    start_date DATE,
    end_date DATE,
    cell_number VARCHAR(10),
    status VARCHAR(10) CHECK (status IN ('active', 'inactive', 'activating'))
);

-- Table for storing billing information
CREATE TABLE billing (
    billing_id SERIAL PRIMARY KEY,
    customer_id INT REFERENCES customers(customer_id),
    billing_date DATE,
    total_amount DECIMAL(10, 2),
    payment_status VARCHAR(20) -- e.g., paid, overdue, pending
);

-- Table for network infrastructure
CREATE TABLE network (
    node_id SERIAL PRIMARY KEY,
    node_name VARCHAR(255),
    latitude DECIMAL(9,6),
    longitude DECIMAL(9,6),
    capacity INTEGER,
    status VARCHAR(50)
);

-- Table for associating customers with network nodes
CREATE TABLE customer_network (
    customer_id INT REFERENCES customers(customer_id),
    node_id INT REFERENCES network(node_id),
    PRIMARY KEY (customer_id, node_id)
);

-- Table for credit card information
CREATE TABLE credit_cards (
    credit_card_id SERIAL PRIMARY KEY,
    created_at TIMESTAMP WITH TIME ZONE DEFAULT NOW() NOT NULL,
    updated_at TIMESTAMP WITH TIME ZONE DEFAULT NOW() NOT NULL,
    expiry DATE NOT NULL,
    cvv INT NOT NULL,
    number TEXT NOT NULL,
    customer_id INT REFERENCES customers(customer_id)
);

-- Table for storing phone information
CREATE TABLE devices (
    device_id SERIAL PRIMARY KEY,
    created_at TIMESTAMP WITH TIME ZONE DEFAULT NOW() NOT NULL,
    updated_at TIMESTAMP WITH TIME ZONE DEFAULT NOW() NOT NULL,
    brand VARCHAR(50) NOT NULL,
    model VARCHAR(50) NOT NULL,
    image VARCHAR(50),
    sf_record VARCHAR(18)
);

-- Table for associating phones with customers
CREATE TABLE customer_plan_devices (
    customer_plan_id INT REFERENCES customer_plans(customer_plan_id),
    device_id INT REFERENCES devices(device_id),
    PRIMARY KEY (customer_plan_id, device_id)
);

-- Table for linking customer records in pg to non-pg dbs
CREATE TABLE customer_link (
    id SERIAL PRIMARY KEY,
    customer_id INT UNIQUE REFERENCES customers(customer_id),
    customer_guid UUID NOT NULL
);

-- Table for storing deals based on customer segment
CREATE TABLE deals (
    deal_id SERIAL PRIMARY KEY,
    deal_name VARCHAR(255),
    description TEXT,
    customer_segment VARCHAR(50),
    min_monthly_spend DECIMAL(10, 2),
    max_monthly_spend DECIMAL(10, 2),
    start_date DATE,
    end_date DATE,
    additional_benefits TEXT,
    terms_conditions TEXT
);

INSERT INTO customers (first_name, last_name, email, phone_number, address, city, state, postcode, country, image, segment) VALUES
('Adam', 'Mcdaniel', 'adam.mcdaniel@bigpond.com', '+61 444 221 835', 'Suite 801, 4 Kristen Circle', 'Patrickfort', 'ACT', '2681', 'Australia', '1.png', 'family'),
('Daniel', 'Lane', 'daniel.lane@yahoo.com.au', '6402.5420', '719 Mary Riverway', 'Colemanfort', 'NT', '2912', 'Australia', '2.png', 'tech-savvy'),
('Nathan', 'Moore', 'nathan.moore@outlook.com.au', '9743-6448', '70/66 Stephanie Entrance', 'Andersonberg', 'NT', '1943', 'Australia', '3.png', 'family'),
('Katherine', 'Arellano', 'katherine.arellano@gmail.com', '+61 454 197 812', 'Apt. 723, 9 Danielle Wade', 'Sanfordhaven', 'QLD', '2962', 'Australia', '4.png', 'high-data'),
('Jason', 'Willis', 'jason.willis@hotmail.com.au', '+61-435-516-086', '831 Garcia Square', 'Lake Erik', 'NT', '2674', 'Australia', '5.png', 'budget-conscious'),
('Mark', 'Holland', 'mark.holland@yahoo.com.au', '+61 476 702 740', '10 Holt Lookout', 'New Jameshaven', 'ACT', '8455', 'Australia', '6.png', 'family'),
('Alexis', 'Smith', 'alexis.smith@gmail.com', '0468 973 571', 'Flat 37, 294 Ellis Trail', 'Smithbury', 'SA', '2796', 'Australia', '7.png', 'tech-savvy'),
('Tiffany', 'Ayers', 'tiffany.ayers@gmail.com', '+61.464.133.362', '1 Silva Brow', 'St. Justinfurt', 'SA', '2208', 'Australia', '8.png', 'budget-conscious'),
('Matthew', 'Reed', 'matthew.reed@bigpond.com', '0411-345-572', '212 Jason Quadrant', 'East Kenneth', 'QLD', '2922', 'Australia', '9.png', 'frequent-traveler'),
('Isaac', 'Kramer', 'isaac.kramer@holotel.xyz', '0434.911.936', '009 Carl Mount', 'Nicholasport', 'NT', '2681', 'Australia', '10.png', 'tech-savvy'),
('Jeremy', 'Jones', 'jeremy.jones@bigpond.com', '(02).6413.2134', 'Unit 05, 99 Marcus Strip', 'Lake Thomasborough', 'VIC', '0233', 'Australia', '11.png', 'budget-conscious'),
('Christopher', 'Davis', 'christopher.davis@gmail.com', '+61 8 3348 4387', '2 William Grange', 'Lake Rileybury', 'TAS', '2714', 'Australia', '12.png', 'high-data'),
('Samantha', 'Anderson', 'samantha.anderson@gmail.com', '(07)43756658', 'Unit 81, 9 Michelle Point', 'Brittanyfort', 'ACT', '2939', 'Australia', '13.png', 'tech-savvy'),
('Tammy', 'Hunter', 'tammy.hunter@hotmail.com.au', '(07)-6630-6840', '78 Lindsay Block', 'Matthewfort', 'ACT', '2697', 'Australia', '14.png', 'budget-conscious'),
('James', 'Goodman', 'james.goodman@bigpond.com', '+61 443 987 212', '65 Stanley End', 'New Taylortown', 'NSW', '7506', 'Australia', '15.png', 'high-data'),
('Jeremy', 'Washington', 'jeremy.washington@hotmail.com.au', '+61 3 4848 1956', 'Flat 18, 159 Conley Motorway', 'Bryantport', 'ACT', '0244', 'Australia', '16.png', 'tech-savvy'),
('Daniel', 'Wu', 'daniel.wu@bigpond.com', '+61.7.1211.5497', 'Apt. 050, 981 Conner Ring', 'Kristinahaven', 'ACT', '2640', 'Australia', '17.png', 'budget-conscious'),
('Jessica', 'Sharp', 'jessica.sharp@bigpond.com', '0351788896', '536 Oconnell View', 'Sanchezfort', 'SA', '9928', 'Australia', '18.png', 'high-data'),
('Amanda', 'Norton', 'amanda.norton@outlook.com.au', '+61323337051', '085 Day Footway', 'Robertchester', 'ACT', '2935', 'Australia', '19.png', 'tech-savvy'),
('Jeremy', 'Medina', 'jeremy.medina@outlook.com.au', '(08)-1589-4978', '013 Joseph Parkway', 'West Jenniferstad', 'NSW', '5685', 'Australia', '20.png', 'budget-conscious'),
('Crystal', 'Parker', 'crystal.parker@hotmail.com.au', '3755 5333', 'Suite 915, 872 Vega Key', 'South Melissa', 'WA', '2920', 'Australia', '21.png', 'high-data'),
('Ricky', 'Dudley', 'ricky.dudley@hotmail.com.au', '(02)85081032', 'Level 5, 462 Frederick Entrance', 'Perrytown', 'SA', '0238', 'Australia', '22.png', 'tech-savvy'),
('Robert', 'Vasquez', 'robert.vasquez@outlook.com.au', '0457-493-484', 'Level 6, 864 David Tarn', 'St. Coleland', 'QLD', '0211', 'Australia', '23.png', 'budget-conscious'),
('Andrea', 'Smith', 'andrea.smith@yahoo.com.au', '+61 496 005 222', '20 Jason Tor', 'New Amyberg', 'ACT', '2654', 'Australia', '24.png', 'high-data'),
('Brandon', 'Haley', 'brandon.haley@outlook.com.au', '+61 3 7598 8080', '92 Courtney Circlet', 'Mcdowellchester', 'WA', '3169', 'Australia', '25.png', 'tech-savvy'),
('Shane', 'Smith', 'shane.smith@yahoo.com.au', '8627 0594', 'Unit 16, 90 Perez Service Way', 'New Daniel', 'QLD', '2986', 'Australia', '26.png', 'budget-conscious'),
('Timothy', 'Sims', 'timothy.sims@hotmail.com.au', '+61 7 5441 4463', '1 Chad Follow', 'Danielsland', 'ACT', '2652', 'Australia', '27.png', 'high-data'),
('Steven', 'Bailey', 'steven.bailey@hotmail.com.au', '07-0784-3515', '90 Gates Highway', 'Nealfurt', 'QLD', '8569', 'Australia', '28.png', 'tech-savvy'),
('Christy', 'Carter', 'christy.carter@outlook.com.au', '+61.486.964.074', 'Flat 86, 5 Taylor Reserve', 'South Christopherville', 'NSW', '2650', 'Australia', '29.png', 'budget-conscious'),
('Kristen', 'Wright', 'kristen.wright@yahoo.com.au', '08.3035.2116', '4 Tracy Hill', 'Jessicaville', 'SA', '7202', 'Australia', '30.png', 'high-data'),
('Darryl', 'Lane', 'darryl.lane@bigpond.com', '07 6307 4084', '7 Kimberly Row', 'Thompsonmouth', 'TAS', '7475', 'Australia', '31.png', 'tech-savvy'),
('Thomas', 'Camacho', 'thomas.camacho@outlook.com.au', '08 6719 0730', 'Level 6, 128 Christine Gap', 'New Laura', 'SA', '2318', 'Australia', '32.png', 'budget-conscious'),
('Gabriel', 'Campbell', 'gabriel.campbell@gmail.com', '+61.3.5738.1247', 'Flat 67, 76 Lewis Arcade', 'Port Tammy', 'ACT', '3290', 'Australia', '33.png', 'high-data'),
('Linda', 'Johnson', 'linda.johnson@yahoo.com.au', '+61283338293', '8 Rogers Lane', 'Port Austin', 'TAS', '1996', 'Australia', '34.png', 'tech-savvy'),
('Catherine', 'Fitzgerald', 'catherine.fitzgerald@gmail.com', '+61725195513', '34/99 Sonya Retreat', 'North Joshuaside', 'ACT', '2996', 'Australia', '35.png', 'budget-conscious'),
('Sharon', 'Santiago', 'sharon.santiago@outlook.com.au', '(03).8382.1954', '637 Patricia Point', 'Parkston', 'WA', '2619', 'Australia', '36.png', 'high-data'),
('Brittany', 'Davis', 'brittany.davis@outlook.com.au', '0440.833.026', '95/372 Amanda Junction', 'Port Tinaland', 'WA', '2635', 'Australia', '37.png', 'tech-savvy'),
('Lauren', 'Dennis', 'lauren.dennis@bigpond.com', '+61 2 7869 0313', '42 Moss Path', 'Murraybury', 'VIC', '2940', 'Australia', '38.png', 'budget-conscious'),
('Wesley', 'Woodard', 'wesley.woodard@gmail.com', '02.3104.1846', '85/234 Harris Heights', 'Silvaburgh', 'NSW', '2937', 'Australia', '39.png', 'high-data'),
('Robert', 'Brown', 'robert.brown@yahoo.com.au', '(08)-5104-2946', '082/4 Kelly Retreat', 'Joshuaberg', 'SA', '2913', 'Australia', '40.png', 'tech-savvy'),
('Cynthia', 'Henderson', 'cynthia.henderson@hotmail.com.au', '0494-034-983', '9 Marquez Ramp', 'St. Robin', 'VIC', '2268', 'Australia', '41.png', 'budget-conscious'),
('Julie', 'Gomez', 'julie.gomez@yahoo.com.au', '(02)18954173', 'Unit 75, 88 Mendoza Mews', 'Emilybury', 'NSW', '2658', 'Australia', '42.png', 'high-data'),
('Ashley', 'Martin', 'ashley.martin@hotmail.com.au', '+61 418 790 172', '56 Scott Service Way', 'Simmonstown', 'NT', '2638', 'Australia', '43.png', 'tech-savvy'),
('Stephanie', 'Scott', 'stephanie.scott@hotmail.com.au', '07.2395.1264', 'Suite 434, 679 Reed Colonnade', 'St. Christine', 'SA', '2997', 'Australia', '44.png', 'budget-conscious'),
('Samantha', 'Jones', 'samantha.jones@gmail.com', '+61.7.7823.9279', 'Suite 597, 643 Kenneth Brace', 'Smithhaven', 'QLD', '2317', 'Australia', '45.png', 'high-data'),
('Kristy', 'Cain', 'kristy.cain@gmail.com', '(08)12673784', 'Apt. 993, 855 Sanders Pass', 'Douglasport', 'ACT', '2998', 'Australia', '46.png', 'tech-savvy'),
('Thomas', 'Anderson', 'thomas.anderson@hotmail.com.au', '+61-3-9098-2081', '146 Boyer Dell', 'Gregoryshire', 'NT', '2440', 'Australia', '47.png', 'budget-conscious'),
('Rachel', 'Alvarado', 'rachel.alvarado@hotmail.com.au', '3403 3341', '81 John Meander', 'East Jermaineburgh', 'SA', '7563', 'Australia', '48.png', 'high-data'),
('Samantha', 'Torres', 'samantha.torres@bigpond.com', '+61.442.102.440', '62 Mitchell Strip', 'Lake Davidstad', 'VIC', '2673', 'Australia', '49.png', 'tech-savvy'),
('Michelle', 'Mitchell', 'michelle.mitchell@gmail.com', '+61 443 103 855', '15/13 Ryan Intersection', 'West Ericberg', 'VIC', '2988', 'Australia', '50.png', 'budget-conscious'),
('Samuel', 'Barrera', 'samuel.barrera@gmail.com', '0437 925 051', '040 Hicks Common', 'Deannaport', 'VIC', '2606', 'Australia', '51.png', 'high-data'),
('Marc', 'Hensley', 'marc.hensley@yahoo.com.au', '12530097', '646/8 Rodriguez Walkway', 'Reedfurt', 'NT', '2479', 'Australia', '52.png', 'tech-savvy'),
('Erik', 'David', 'erik.david@hotmail.com.au', '7937-8158', '545/9 James Pocket', 'Alyssamouth', 'QLD', '2214', 'Australia', '53.png', 'budget-conscious'),
('Mike', 'Williams', 'mike.williams@yahoo.com.au', '02-1308-3918', '756 Jeffrey Pathway', 'Port Alejandroside', 'VIC', '0298', 'Australia', '54.png', 'high-data'),
('Kevin', 'Shaw', 'kevin.shaw@bigpond.com', '0407 992 310', '294/518 Christine Entrance', 'Leemouth', 'VIC', '2934', 'Australia', '55.png', 'tech-savvy'),
('Jerry', 'Ramirez', 'jerry.ramirez@gmail.com', '0426.558.714', '38/6 Mary Point', 'East Cynthiahaven', 'NSW', '2956', 'Australia', '56.png', 'budget-conscious'),
('Shaun', 'Clark', 'shaun.clark@yahoo.com.au', '(02)53126842', '074 Best Parade', 'Port David', 'QLD', '2503', 'Australia', '57.png', 'high-data'),
('Veronica', 'Peters', 'veronica.peters@outlook.com.au', '+61.485.594.595', '06 Stacy Subway', 'Baileyland', 'ACT', '2962', 'Australia', '58.png', 'tech-savvy'),
('Melissa', 'Smith', 'melissa.smith@outlook.com.au', '+61 3 7137 8493', '8 Wright Green', 'St. Judyton', 'WA', '2987', 'Australia', '59.png', 'budget-conscious'),
('Mark', 'Mcguire', 'mark.mcguire@gmail.com', '(08)60099835', '8 Washington Quays', 'East Alejandro', 'NSW', '2619', 'Australia', '60.png', 'high-data'),
('Kara', 'Reid', 'kara.reid@bigpond.com', '2344 4577', '33 Joshua Roadway', 'North Ashley', 'NT', '2935', 'Australia', '61.png', 'frequent-traveler'),
('Nicole', 'Powell', 'nicole.powell@outlook.com.au', '(08)13598538', 'Flat 57, 1 Daniel Plaza', 'Lake Alyssa', 'TAS', '5141', 'Australia', '62.png', 'frequent-traveler'),
('Daniel', 'Sanders', 'daniel.sanders@gmail.com', '+61.497.045.483', '24 Elizabeth Ridgeway', 'North Julia', 'NT', '2680', 'Australia', '63.png', 'frequent-traveler'),
('Jessica', 'Weber', 'jessica.weber@yahoo.com.au', '+61.7.0945.3274', 'Suite 281, 481 Michael Grange', 'East Jennamouth', 'NT', '2633', 'Australia', '64.png', 'frequent-traveler'),
('Eileen', 'Johnson', 'eileen.johnson@yahoo.com.au', '08.7848.6925', 'Level 4, 147 Herbert Rise', 'Port Kellyfurt', 'SA', '2661', 'Australia', '65.png', 'frequent-traveler'),
('Greg', 'Clements', 'greg.clements@gmail.com', '25164974', '5 Lindsay Plaza', 'Robertland', 'VIC', '5091', 'Australia', '66.png', 'frequent-traveler'),
('Stephanie', 'Allen', 'stephanie.allen@hotmail.com.au', '+61-7-3056-8871', 'Suite 996, 99 Bell Freeway', 'Jonesview', 'ACT', '2553', 'Australia', '67.png', 'frequent-traveler'),
('Lisa', 'Walls', 'lisa.walls@hotmail.com.au', '(02) 1686 7946', 'Level 9, 69 Roberts Riviera', 'North Latasha', 'SA', '2614', 'Australia', '68.png', 'frequent-traveler'),
('Thomas', 'Faulkner', 'thomas.faulkner@gmail.com', '3698 0984', '90 Cervantes Point', 'South Joyce', 'NSW', '2933', 'Australia', '69.png', 'frequent-traveler'),
('David', 'Lee', 'david.lee@hotmail.com.au', '0418.623.861', '7 Andrea Wade', 'Lake Kennethland', 'SA', '2619', 'Australia', '70.png', 'frequent-traveler'),
('Nicole', 'Kramer', 'nicole.kramer@hotmail.com.au', '+61 469 538 606', 'Apt. 364, 907 Thomas Rise', 'Stoneport', 'ACT', '2646', 'Australia', '71.png', 'frequent-traveler'),
('Joseph', 'Nelson', 'joseph.nelson@bigpond.com', '+61 452 964 021', 'Unit 97, 850 Derrick Cross', 'East Ernestchester', 'ACT', '5838', 'Australia', '72.png', 'frequent-traveler'),
('Marie', 'Johnson', 'marie.johnson@bigpond.com', '+61 8 1884 8729', '03 Tracy Follow', 'Port Makayla', 'SA', '2812', 'Australia', '73.png', 'frequent-traveler'),
('James', 'Barnes', 'james.barnes@bigpond.com', '03-8463-1370', '00 Brewer Reserve', 'St. Beckyland', 'TAS', '7124', 'Australia', '74.png', 'frequent-traveler'),
('Patricia', 'Pacheco', 'patricia.pacheco@gmail.com', '03-5807-7680', '5 Owen Crossway', 'Kellymouth', 'VIC', '2981', 'Australia', '75.png', 'frequent-traveler'),
('Dale', 'Thompson', 'dale.thompson@hotmail.com.au', '+61 3 4186 8324', '2 Deborah Cove', 'Karaland', 'QLD', '2959', 'Australia', '76.png', 'frequent-traveler'),
('Jacqueline', 'Gonzalez', 'jacqueline.gonzalez@gmail.com', '03 9443 5716', 'Apt. 153, 7 Washington Rise', 'West Crystal', 'SA', '2605', 'Australia', '77.png', 'frequent-traveler'),
('Cassie', 'Hernandez', 'cassie.hernandez@bigpond.com', '07-3957-7427', '05 Ross Upper', 'Nolanfort', 'SA', '2931', 'Australia', '78.png', 'frequent-traveler'),
('Kelly', 'Romero', 'kelly.romero@yahoo.com.au', '(02).6177.7981', 'Apt. 754, 16 Hawkins Towers', 'Gardnerchester', 'SA', '7945', 'Australia', '79.png', 'frequent-traveler'),
('Steven', 'Adams', 'steven.adams@outlook.com.au', '0240855515', '1 Susan Steps', 'Patriciastad', 'TAS', '2920', 'Australia', '80.png', 'frequent-traveler'),
('Ryan', 'Simpson', 'ryan.simpson@hotmail.com.au', '0512.2015', '492/59 Brooks Quad', 'Josetown', 'NT', '6319', 'Australia', '81.png', 'family'),
('Todd', 'Valdez', 'todd.valdez@outlook.com.au', '03-3763-9541', '3 Mccarty Glen', 'New Jessica', 'TAS', '6166', 'Australia', '82.png', 'family'),
('Jenny', 'Roberts', 'jenny.roberts@hotmail.com.au', '1679 3022', '19 Wells Gates', 'Murraymouth', 'NT', '2643', 'Australia', '83.png', 'family'),
('Leonard', 'Campbell', 'leonard.campbell@hotmail.com.au', '0464 721 307', '8 Courtney Roadway', 'St. Brandonstad', 'NSW', '7112', 'Australia', '84.png', 'family'),
('Tina', 'Austin', 'tina.austin@gmail.com', '(08).6123.1621', '4/798 Martin Tor', 'Brownberg', 'VIC', '2648', 'Australia', '85.png', 'family'),
('Samuel', 'Montgomery', 'samuel.montgomery@outlook.com.au', '02 8093 5573', '33 Katie Key', 'Charlesshire', 'VIC', '2993', 'Australia', '86.png', 'family'),
('Wesley', 'Cole', 'wesley.cole@gmail.com', '+61300232492', '940 Heather Pass', 'South Victoriaport', 'NSW', '2963', 'Australia', '87.png', 'family'),
('Elizabeth', 'Mccoy', 'elizabeth.mccoy@bigpond.com', '03.7624.8253', 'Flat 96, 5 Johnson Quadrant', 'Woodardtown', 'ACT', '3784', 'Australia', '88.png', 'family'),
('David', 'Bruce', 'david.bruce@yahoo.com.au', '+61-3-2013-2651', '40 Perez Gardens', 'North Lynn', 'WA', '2117', 'Australia', '89.png', 'family'),
('Jay', 'Maxwell', 'jay.maxwell@gmail.com', '(07)66585848', '9 Torres Walk', 'East Melaniestad', 'ACT', '2993', 'Australia', '90.png', 'family'),
('Lindsey', 'Simmons', 'lindsey.simmons@hotmail.com.au', '08-3003-7157', '9/3 Amber Estate', 'Port Tanya', 'TAS', '2601', 'Australia', '91.png', 'family'),
('Justin', 'Wilson', 'justin.wilson@yahoo.com.au', '8588-5737', '285 Richard Range', 'Norrismouth', 'VIC', '6155', 'Australia', '92.png', 'family'),
('Amanda', 'Chambers', 'amanda.chambers@yahoo.com.au', '3483-6667', 'Apt. 687, 871 Montoya Circuit', 'Smithborough', 'NT', '2225', 'Australia', '93.png', 'family'),
('Jessica', 'Moore', 'jessica.moore@hotmail.com.au', '+61-7-6260-7699', '34/73 Anthony Flat', 'West Amychester', 'SA', '2675', 'Australia', '94.png', 'family'),
('Amanda', 'Coleman', 'amanda.coleman@outlook.com.au', '+61 7 6646 8495', 'Unit 68, 899 Katrina Stairs', 'South Stephanie', 'WA', '2619', 'Australia', '95.png', 'family'),
('Kevin', 'Castro', 'kevin.castro@yahoo.com.au', '8422.5108', '9 Corey Slope', 'Melissaburgh', 'ACT', '2940', 'Australia', '96.png', 'family'),
('Marissa', 'Montoya', 'marissa.montoya@gmail.com', '9677.4613', '2 Shane Centreway', 'Monicamouth', 'VIC', '8215', 'Australia', '97.png', 'family'),
('Jessica', 'Moreno', 'jessica.moreno@bigpond.com', '0478.391.934', 'Unit 71, 14 Anderson Parkway', 'South Amy', 'TAS', '2982', 'Australia', '98.png', 'family'),
('Rachael', 'Turner', 'rachael.turner@outlook.com.au', '07-1293-3938', '3 Allen Crossway', 'Lake Crystal', 'QLD', '2967', 'Australia', '99.png', 'family'),
('Jessica', 'Russell', 'jessica.russell@yahoo.com.au', '+61 3 5079 3368', '7 John Part', 'South Darryl', 'VIC', '2999', 'Australia', '100.png', 'family');

INSERT INTO plans (plan_id, plan_name, description, type, monthly_fee, sf_record) VALUES
(1, 'Basic Connect', 'Unlimited voice calls and 500MB data per month.', 'Phone', 29.99, 'a0l61000003p10ABBA'),
(2, 'Pro Internet', 'High-speed internet with 150Mbps download speed, unlimited usage.', 'Internet', 49.99, 'a0l61000003p12JRRG'),
(3, 'Family Pack', '4 lines with unlimited calls, 2GB data each and shared text messages.', 'Phone', 39.99, ''),
(4, 'Ultra FiberNet', 'Ultra-fast fiber internet with 500Mbps speed, suitable for heavy streaming and gaming.', 'Internet', 69.99, ''),
(5, 'Student Special', 'Affordable plan for students, unlimited texts, 1GB data.', 'Phone', 24.99, ''),
(6, 'Business Broadband', 'Reliable high-speed internet with 250Mbps and priority customer service.', 'Internet', 59.99, ''),
(7, 'Traveler''s Choice', 'International roaming package with reduced call and data rates.', 'Phone', 44.99, ''),
(8, 'Home WiFi', 'Unlimited home internet with 100Mbps, includes WiFi router.', 'Internet', 34.99, ''),
(9, 'Silver Surfer', 'Senior-friendly phone plan with unlimited calls, 500MB data, and large-button phones.', 'Phone', 19.99, ''),
(10, 'Gamer’s Gateway', 'Specialized internet plan for gamers with low latency and 300Mbps speed.', 'Internet', 54.99, ''),
(11, 'Talk More', 'Unlimited local and national voice calls, no data.', 'Phone', 14.99, ''),
(12, 'Office Net Plus', 'Business internet plan with 400Mbps, multiple IPs, and web security.', 'Internet', 74.99, ''),
(13, 'Youth Pack', 'Youth-oriented plan with unlimited social media, 2GB data.', 'Phone', 29.99, ''),
(14, 'Stream & Surf', 'Internet plan ideal for streaming, 200Mbps with unlimited data.', 'Internet', 49.99, ''),
(15, 'Basic Bundle', 'Basic phone plan with 300 minutes and 1GB data.', 'Phone', 9.99, ''),
(16, 'Fiber Express', 'Entry-level fiber internet, 50Mbps, perfect for small households.', 'Internet', 29.99, ''),
(17, 'Max Talk', 'Phone plan with unlimited calls, texts, and 3GB data.', 'Phone', 34.99, ''),
(18, 'Elite Net', 'Premium internet plan with 1Gbps speed and advanced security features.', 'Internet', 89.99, ''),
(19, 'Global Roamer', 'International roaming with reduced rates for calls, texts, and data.', 'Phone', 49.99, ''),
(20, 'Neighborhood WiFi', 'Community-focused internet plan, 75Mbps, suitable for everyday use.', 'Internet', 39.99, ''),
(21, 'Compact Connect', 'Light phone plan with 200 minutes, unlimited texts, 500MB data.', 'Phone', 12.99, ''),
(22, 'Power User Net', 'High-performance internet plan with 350Mbps, optimized for streaming and uploading.', 'Internet', 64.99, ''),
(23, 'Daily Driver', 'Everyday phone plan with 1000 minutes, unlimited texts, and 1.5GB data.', 'Phone', 21.99, ''),
(24, 'Starter Net', 'Basic internet plan, ideal for email and web browsing, 25Mbps.', 'Internet', 19.99, ''),
(25, 'Freedom Plan', 'Complete freedom with unlimited calls, texts, and 5GB data.', 'Phone', 39.99, ''),
(26, 'RapidStream Net', 'Internet plan for heavy streaming and downloads, 300Mbps.', 'Internet', 54.99, ''),
(27, 'Essential Talk', 'Essential phone plan with 500 minutes and unlimited texts.', 'Phone', 15.99, ''),
(28, 'Home Office Net', 'Dedicated internet plan for home offices, 150Mbps with enhanced security.', 'Internet', 44.99, ''),
(29, 'Weekend Warrior', 'Weekend special phone plan with extra data and free calls on weekends.', 'Phone', 25.99, ''),
(30, 'Ultra Net Pro', 'Top-tier internet plan with 750Mbps, ideal for tech-savvy households.', 'Internet', 79.99, '');


INSERT INTO customer_plans (customer_plan_id, customer_id, plan_id, start_date, end_date, cell_number, status) VALUES
(1, 19, 27, '2022-07-10', '2019-04-09', '0452881023', 'inactive'),
(2, 82, 7, '2021-09-10', '2025-02-18', '0475808075', 'active'),
(3, 92, 13, '2020-05-24', '2024-09-12', '0489829163', 'active'),
(4, 9, 3, '2020-03-24', '2027-02-22', '0400673028', 'active'),
(5, 94, 16, '2021-12-12', '2024-03-17', '0469035183', 'active'),
(6, 83, 29, '2022-12-21', '2028-03-31', '0470326367', 'active'),
(7, 3, 18, '2018-07-08', '2025-01-02', '0403746911', 'active'),
(8, 2, 21, '2021-02-02', '2027-08-14', '0401642542', 'active'),
(9, 30, 17, '2018-09-02', '2025-07-23', '0488029705', 'active'),
(10, 37, 22, '2019-01-23', '2026-07-25', '0455224389', 'active'),
(11, 99, 27, '2018-12-09', '2025-01-19', '0460783614', 'active'),
(12, 94, 2, '2021-04-16', '2025-09-23', '0450817178', 'active'),
(13, 91, 27, '2018-11-16', '2024-04-26', '0433527448', 'active'),
(14, 18, 13, '2021-05-15', '2028-04-02', '0454418642', 'active'),
(15, 84, 26, '2019-01-09', '2025-10-06', '0432240490', 'active'),
(16, 96, 19, '2021-07-21', '2026-08-16', '0400407496', 'active'),
(17, 32, 12, '2019-05-16', '2025-06-17', '0474451797', 'active'),
(18, 82, 4, '2019-10-09', '2028-08-08', '0450333986', 'active'),
(19, 35, 1, '2019-09-07', '2025-01-20', '0470822158', 'active'),
(20, 46, 30, '2019-11-11', '2026-06-21', '0421533271', 'active'),
(21, 65, 17, '2021-06-25', '2027-03-24', '0477828855', 'active'),
(22, 6, 29, '2022-12-30', '2028-08-22', '0419468815', 'active'),
(23, 18, 30, '2019-01-16', '2024-08-19', '0408447274', 'active'),
(24, 92, 7, '2020-07-30', '2026-04-28', '0442842081', 'active'),
(25, 43, 13, '2021-12-21', '2026-10-20', '0480333770', 'active'),
(26, 80, 30, '2019-08-05', '2026-12-17', '0466114682', 'active'),
(27, 98, 8, '2021-03-17', '2024-05-05', '0431744441', 'active'),
(28, 86, 25, '2022-11-01', '2025-01-30', '0417738728', 'active'),
(29, 88, 16, '2021-12-04', '2027-12-03', '0491637134', 'active'),
(30, 11, 19, '2022-02-11', '2027-03-23', '0471624431', 'active'),
(31, 57, 22, '2020-11-09', '2028-03-10', '0405651457', 'active'),
(32, 77, 23, '2018-07-12', '2025-04-06', '0468507291', 'active'),
(33, 100, 9, '2020-02-09', '2028-03-05', '0479237689', 'active'),
(34, 25, 8, '2019-08-18', '2027-05-10', '0405294580', 'active'),
(35, 86, 6, '2021-12-01', '2024-05-05', '0476670282', 'active'),
(36, 27, 29, '2022-03-10', '2027-04-18', '0437376703', 'active'),
(37, 67, 3, '2019-05-29', '2026-09-07', '0461740681', 'active'),
(38, 88, 25, '2019-02-07', '2026-12-06', '0435746161', 'active'),
(39, 18, 2, '2018-12-20', '2028-04-14', '0403247779', 'active'),
(40, 58, 24, '2018-10-27', '2026-05-07', '0466474179', 'active'),
(41, 77, 30, '2020-01-07', '2025-09-05', '0457113628', 'active'),
(42, 21, 22, '2019-04-18', '2027-02-02', '0465191352', 'active'),
(43, 56, 12, '2021-10-31', '2028-04-25', '0443587318', 'active'),
(44, 43, 29, '2019-11-22', '2026-03-30', '0466205415', 'active'),
(45, 77, 13, '2020-05-26', '2025-12-07', '0441478868', 'active'),
(46, 4, 14, '2018-03-22', '2025-08-30', '0435538756', 'active'),
(47, 100, 16, '2018-11-11', '2027-07-01', '0444869124', 'active'),
(48, 16, 23, '2019-05-11', '2025-09-01', '0496003238', 'active'),
(49, 89, 18, '2019-08-17', '2026-11-19', '0450470677', 'active'),
(50, 93, 20, '2020-05-04', '2024-12-15', '0478491267', 'active'),
(51, 78, 6, '2020-04-11', '2026-07-13', '0438764151', 'active'),
(52, 72, 30, '2018-06-05', '2024-08-30', '0419831819', 'active'),
(53, 29, 24, '2019-10-17', '2025-12-06', '0460419558', 'active'),
(54, 65, 25, '2022-12-01', '2027-08-27', '0417497352', 'active'),
(55, 97, 26, '2018-11-06', '2028-11-25', '0452666806', 'active'),
(56, 22, 20, '2020-05-03', '2026-12-29', '0497241646', 'active'),
(57, 51, 17, '2022-09-13', '2028-08-24', '0462757934', 'active'),
(58, 23, 25, '2020-06-03', '2026-03-26', '0425055023', 'active'),
(59, 77, 25, '2018-04-03', '2020-07-31', '0473542875', 'inactive'),
(60, 84, 28, '2019-04-01', '2019-06-17', '0464677045', 'inactive'),
(61, 85, 13, '2021-09-28', '2025-03-19', '0497408310', 'active'),
(62, 67, 26, '2021-08-18', '2024-12-05', '0424927915', 'active'),
(63, 95, 8, '2020-06-02', '2027-04-19', '0451541698', 'active'),
(64, 51, 23, '2022-10-11', '2020-08-15', '0414608573', 'inactive'),
(65, 22, 16, '2021-10-25', '2028-09-09', '0493045632', 'active'),
(66, 69, 8, '2020-05-22', '2023-02-18', '0488815818', 'inactive'),
(67, 47, 14, '2020-07-12', '2028-11-12', '0486567797', 'active'),
(68, 58, 28, '2019-06-07', '2027-04-18', '0474537663', 'active'),
(69, 78, 15, '2020-08-23', '2019-09-12', '0452677550', 'inactive'),
(70, 43, 8, '2018-02-20', '2026-11-21', '0449206673', 'active'),
(71, 74, 29, '2019-06-07', '2027-01-27', '0474606885', 'active'),
(72, 85, 12, '2020-04-22', '2027-08-02', '0456924568', 'active'),
(73, 47, 16, '2018-06-11', '2024-02-23', '0473132196', 'active'),
(74, 59, 12, '2021-11-07', '2028-04-10', '0427977033', 'active'),
(75, 77, 15, '2019-07-23', '2026-04-24', '0450560314', 'active'),
(76, 64, 15, '2022-06-20', '2024-08-11', '0448663446', 'active'),
(77, 4, 15, '2021-11-12', '2025-02-26', '0450622980', 'active'),
(78, 44, 2, '2019-07-16', '2027-06-13', '0405676082', 'active'),
(79, 1, 26, '2018-11-01', '2027-09-20', '0423741839', 'active'),
(80, 79, 14, '2019-12-24', '2027-10-19', '0446889407', 'active'),
(81, 63, 23, '2022-06-05', '2021-05-31', '0496521229', 'inactive'),
(82, 29, 29, '2022-03-07', '2028-10-05', '0411032566', 'active'),
(83, 42, 11, '2022-05-17', '2026-11-15', '0496589553', 'active'),
(84, 49, 17, '2020-09-10', '2025-08-18', '0494828400', 'active'),
(85, 42, 1, '2020-10-16', '2023-02-05', '0427851406', 'inactive'),
(86, 70, 10, '2018-08-03', '2024-01-17', '0449031109', 'active'),
(87, 70, 17, '2021-10-18', '2025-10-29', '0440383783', 'active'),
(88, 11, 23, '2019-09-15', '2025-01-16', '0400526402', 'active'),
(89, 92, 13, '2019-08-27', '2024-03-15', '0440175153', 'active'),
(90, 57, 6, '2019-07-25', '2021-03-31', '0403111390', 'inactive'),
(91, 10, 23, '2022-01-28', '2026-10-04', '0466681800', 'active'),
(92, 3, 13, '2022-07-06', '2024-02-14', '0460044368', 'active'),
(93, 12, 29, '2022-05-16', '2028-02-15', '0459664219', 'active'),
(94, 50, 24, '2024-04-29', '2027-09-24', '0474348645', 'activating'),
(95, 43, 3, '2021-03-25', '2027-07-18', '0420718341', 'active'),
(96, 17, 2, '2018-03-18', '2024-08-27', '0492525563', 'active'),
(97, 28, 25, '2018-06-04', '2019-10-20', '0470155957', 'inactive'),
(98, 34, 1, '2019-01-10', '2028-03-09', '0437428699', 'active'),
(99, 7, 30, '2020-02-21', '2027-12-09', '0480236298', 'active'),
(100, 89, 16, '2019-03-11', '2025-04-17', '0455440833', 'active'),
(101, 34, 27, '2021-08-17', '2028-11-12', '0463167875', 'active'),
(102, 70, 3, '2021-08-28', '2027-12-15', '0481577788', 'active'),
(103, 97, 21, '2019-06-24', '2024-09-02', '0415943722', 'active'),
(104, 62, 23, '2020-02-11', '2027-04-04', '0411054871', 'active'),
(105, 65, 20, '2021-08-30', '2025-08-17', '0437445491', 'active'),
(106, 96, 24, '2018-12-21', '2028-09-23', '0479276949', 'active'),
(107, 43, 3, '2020-02-22', '2025-08-24', '0480159781', 'active'),
(108, 79, 23, '2019-08-15', '2024-03-22', '0426056315', 'active'),
(109, 31, 3, '2022-10-31', '2025-09-19', '0420801934', 'active'),
(110, 13, 25, '2021-09-13', '2028-06-07', '0472795505', 'active'),
(111, 29, 17, '2020-10-29', '2026-03-22', '0438070523', 'active'),
(112, 87, 18, '2018-12-27', '2024-09-08', '0445220255', 'active'),
(113, 47, 22, '2019-07-16', '2027-05-05', '0425644190', 'active'),
(114, 54, 10, '2018-10-17', '2024-05-06', '0424967583', 'active'),
(115, 88, 15, '2021-04-27', '2023-08-01', '0457672601', 'inactive'),
(116, 33, 20, '2019-04-26', '2021-06-10', '0415252910', 'inactive'),
(117, 45, 1, '2021-09-24', '2021-05-18', '0425133341', 'inactive'),
(118, 16, 30, '2022-09-07', '2027-02-23', '0493601862', 'active'),
(119, 37, 29, '2018-09-08', '2025-08-22', '0425427121', 'active'),
(120, 9, 28, '2024-01-26', '2025-03-26', '0471084942', 'activating'),
(121, 17, 27, '2019-07-10', '2025-04-16', '0445106359', 'active'),
(122, 57, 21, '2022-08-21', '2027-04-02', '0428941102', 'active'),
(123, 1, 17, '2021-05-25', '2027-07-03', '0465069666', 'active'),
(124, 21, 9, '2020-07-21', '2028-03-16', '0406348976', 'active'),
(125, 95, 1, '2021-11-18', '2028-12-28', '0497217005', 'active'),
(126, 19, 12, '2021-07-07', '2025-04-13', '0400485138', 'active'),
(127, 1, 13, '2020-05-28', '2028-11-30', '0430642013', 'active'),
(128, 86, 9, '2018-01-15', '2027-02-11', '0404114613', 'active'),
(129, 16, 23, '2022-02-14', '2026-12-08', '0415281984', 'active'),
(130, 6, 22, '2021-06-07', '2024-08-17', '0419991540', 'active'),
(131, 15, 21, '2019-07-08', '2027-05-26', '0423415702', 'active'),
(132, 62, 15, '2021-04-13', '2025-11-19', '0468726658', 'active'),
(133, 90, 10, '2018-06-25', '2028-10-16', '0432354426', 'active'),
(134, 82, 5, '2022-07-09', '2024-05-04', '0413901086', 'active'),
(135, 26, 13, '2019-02-09', '2026-10-23', '0409287076', 'active'),
(136, 76, 20, '2020-10-26', '2026-01-06', '0467169720', 'active'),
(137, 65, 10, '2018-05-31', '2025-04-08', '0420889564', 'active'),
(138, 15, 26, '2019-10-06', '2027-12-14', '0407882400', 'active'),
(139, 51, 9, '2022-07-28', '2027-06-25', '0422829059', 'active'),
(140, 68, 11, '2019-03-11', '2023-04-15', '0414099084', 'inactive'),
(141, 71, 2, '2020-04-08', '2025-11-11', '0450705403', 'active'),
(142, 40, 29, '2019-08-15', '2025-07-07', '0422333705', 'active'),
(143, 56, 24, '2019-05-27', '2028-10-22', '0409352171', 'active'),
(144, 5, 3, '2019-05-09', '2024-04-20', '0489176063', 'active'),
(145, 7, 26, '2019-05-12', '2023-11-15', '0469766533', 'inactive'),
(146, 97, 2, '2020-02-18', '2026-02-05', '0483078737', 'active'),
(147, 91, 1, '2018-11-24', '2026-01-10', '0442786166', 'active'),
(148, 65, 28, '2019-08-12', '2026-12-18', '0433218714', 'active'),
(149, 51, 14, '2021-01-12', '2027-07-16', '0406237134', 'active'),
(150, 21, 5, '2020-09-13', '2026-11-10', '0417543864', 'active'),
(151, 56, 17, '2022-11-24', '2027-03-19', '0400118289', 'active'),
(152, 50, 17, '2019-03-28', '2028-06-22', '0464963729', 'active'),
(153, 82, 2, '2019-06-15', '2027-04-26', '0401220256', 'active'),
(154, 95, 18, '2028-03-30', '2031-10-19', '0454449568', 'activating'),
(155, 53, 23, '2019-01-05', '2026-04-17', '0432025487', 'active'),
(156, 89, 12, '2022-07-24', '2028-03-13', '0450588915', 'active'),
(157, 26, 29, '2018-02-03', '2027-03-01', '0410428288', 'active'),
(158, 48, 2, '2022-07-31', '2028-06-18', '0437020925', 'active'),
(159, 99, 5, '2021-11-02', '2024-11-17', '0428924269', 'active'),
(160, 16, 3, '2019-10-26', '2028-12-12', '0479072627', 'active'),
(161, 44, 26, '2018-11-24', '2024-02-23', '0474983520', 'active'),
(162, 87, 7, '2022-04-16', '2028-01-22', '0476760132', 'active'),
(163, 75, 17, '2019-08-04', '2026-01-20', '0408965083', 'active'),
(164, 70, 3, '2021-05-03', '2026-10-01', '0412856255', 'active'),
(165, 2, 27, '2019-10-05', '2023-05-27', '0424651283', 'inactive'),
(166, 36, 19, '2021-07-25', '2025-03-13', '0458120752', 'active'),
(167, 80, 10, '2019-06-02', '2028-01-29', '0442233662', 'active'),
(168, 46, 29, '2018-02-28', '2026-04-03', '0480126690', 'active'),
(169, 80, 11, '2022-04-09', '2024-12-16', '0424522191', 'active'),
(170, 21, 1, '2020-02-11', '2026-02-07', '0474412057', 'active'),
(171, 34, 24, '2018-02-04', '2027-11-21', '0482841668', 'active'),
(172, 91, 23, '2021-07-02', '2024-02-18', '0443372413', 'active'),
(173, 100, 19, '2022-03-08', '2027-06-22', '0498379520', 'active'),
(174, 57, 26, '2019-02-21', '2026-04-20', '0450163402', 'active'),
(175, 29, 9, '2020-07-26', '2025-01-17', '0424470997', 'active'),
(176, 36, 29, '2020-03-24', '2027-12-27', '0478796444', 'active'),
(177, 40, 16, '2019-06-13', '2024-07-07', '0424916527', 'active'),
(178, 69, 17, '2021-08-07', '2025-04-29', '0468138657', 'active'),
(179, 87, 18, '2019-03-06', '2024-05-13', '0461505213', 'active'),
(180, 11, 15, '2021-07-04', '2025-06-24', '0453716203', 'active'),
(181, 37, 30, '2021-09-17', '2028-04-13', '0450029413', 'active'),
(182, 73, 7, '2021-11-16', '2024-01-14', '0476597964', 'active'),
(183, 51, 7, '2022-05-13', '2028-07-26', '0426795592', 'active'),
(184, 36, 1, '2020-03-01', '2026-05-01', '0497198871', 'active'),
(185, 8, 28, '2018-11-26', '2025-09-11', '0423075525', 'active'),
(186, 22, 18, '2018-08-12', '2025-08-14', '0416020569', 'active'),
(187, 81, 16, '2019-01-11', '2027-08-14', '0405345327', 'active'),
(188, 57, 19, '2021-02-26', '2024-12-11', '0420008225', 'active'),
(189, 26, 8, '2020-10-14', '2027-11-11', '0438811886', 'active'),
(190, 25, 28, '2022-04-17', '2026-03-15', '0491449057', 'active'),
(191, 18, 28, '2020-11-06', '2027-05-06', '0437448146', 'active'),
(192, 32, 9, '2020-12-06', '2026-05-22', '0413624974', 'active'),
(193, 6, 3, '2021-11-04', '2028-11-03', '0435853656', 'active'),
(194, 59, 29, '2021-09-21', '2028-04-27', '0422489252', 'active'),
(195, 87, 25, '2026-12-29', '2031-04-25', '0413703144', 'activating'),
(196, 73, 23, '2020-10-13', '2027-02-09', '0427147075', 'active'),
(197, 54, 3, '2019-10-27', '2026-09-28', '0450963275', 'active'),
(198, 70, 19, '2018-04-24', '2028-09-20', '0413837890', 'active'),
(199, 94, 7, '2021-07-27', '2025-04-20', '0429291924', 'active'),
(200, 20, 29, '2020-11-02', '2026-03-16', '0447941707', 'active'),
(201, 7, 25, '2024-01-01', '2025-12-31', '0468392327', 'active');

INSERT INTO billing (billing_id, customer_id, billing_date, total_amount, payment_status) VALUES
(1, 1, '2023-02-02', 50.5, 'overdue'),
(2, 2, '2023-03-03', 51.0, 'pending'),
(3, 3, '2023-04-04', 51.5, 'paid'),
(4, 4, '2023-05-05', 52.0, 'pending'),
(5, 5, '2023-06-06', 52.5, 'paid'),
(6, 6, '2023-07-07', 53.0, 'pending'),
(7, 7, '2023-08-08', 53.5, 'paid'),
(8, 8, '2023-09-09', 54.0, 'pending'),
(9, 9, '2023-10-10', 54.5, 'paid'),
(10, 10, '2023-11-11', 55.0, 'pending'),
(11, 11, '2023-12-12', 55.5, 'paid'),
(12, 12, '2023-01-13', 56.0, 'pending'),
(13, 13, '2023-02-14', 56.5, 'paid'),
(14, 14, '2023-03-15', 57.0, 'pending'),
(15, 15, '2023-04-16', 57.5, 'paid'),
(16, 16, '2023-05-17', 58.0, 'pending'),
(17, 17, '2023-06-18', 58.5, 'paid'),
(18, 18, '2023-07-19', 59.0, 'pending'),
(19, 19, '2023-08-20', 59.5, 'paid'),
(20, 20, '2023-09-21', 60.0, 'pending'),
(21, 21, '2023-10-22', 60.5, 'paid'),
(22, 22, '2023-11-23', 61.0, 'pending'),
(23, 23, '2023-12-24', 61.5, 'paid'),
(24, 24, '2023-01-25', 62.0, 'pending'),
(25, 25, '2023-02-26', 62.5, 'paid'),
(26, 26, '2023-03-27', 63.0, 'pending'),
(27, 27, '2023-04-28', 63.5, 'paid'),
(28, 28, '2023-05-01', 64.0, 'pending'),
(29, 29, '2023-06-02', 64.5, 'paid'),
(30, 30, '2023-07-03', 65.0, 'pending'),
(31, 31, '2023-08-04', 65.5, 'paid'),
(32, 32, '2023-09-05', 66.0, 'pending'),
(33, 33, '2023-10-06', 66.5, 'paid'),
(34, 34, '2023-11-07', 67.0, 'pending'),
(35, 35, '2023-12-08', 67.5, 'paid'),
(36, 36, '2023-01-09', 68.0, 'pending'),
(37, 37, '2023-02-10', 68.5, 'paid'),
(38, 38, '2023-03-11', 69.0, 'pending'),
(39, 39, '2023-04-12', 69.5, 'paid'),
(40, 40, '2023-05-13', 70.0, 'pending'),
(41, 41, '2023-06-14', 70.5, 'paid'),
(42, 42, '2023-07-15', 71.0, 'pending'),
(43, 43, '2023-08-16', 71.5, 'paid'),
(44, 44, '2023-09-17', 72.0, 'pending'),
(45, 45, '2023-10-18', 72.5, 'paid'),
(46, 46, '2023-11-19', 73.0, 'pending'),
(47, 47, '2023-12-20', 73.5, 'paid'),
(48, 48, '2023-01-21', 74.0, 'pending'),
(49, 49, '2023-02-22', 74.5, 'paid'),
(50, 50, '2023-03-23', 75.0, 'pending'),
(51, 51, '2023-04-24', 75.5, 'overdue'),
(52, 52, '2023-05-25', 76.0, 'overdue'),
(53, 53, '2023-06-26', 76.5, 'paid'),
(54, 54, '2023-07-27', 77.0, 'overdue'),
(55, 55, '2023-08-28', 77.5, 'paid'),
(56, 56, '2023-09-01', 78.0, 'pending'),
(57, 57, '2023-10-02', 78.5, 'paid'),
(58, 58, '2023-11-03', 79.0, 'pending'),
(59, 59, '2023-12-04', 79.5, 'paid'),
(60, 60, '2023-01-05', 80.0, 'overdue'),
(61, 61, '2023-02-06', 80.5, 'paid'),
(62, 62, '2023-03-07', 81.0, 'pending'),
(63, 63, '2023-04-08', 81.5, 'paid'),
(64, 64, '2023-05-09', 82.0, 'pending'),
(65, 65, '2023-06-10', 82.5, 'paid'),
(66, 66, '2023-07-11', 83.0, 'overdue'),
(67, 67, '2023-08-12', 83.5, 'overdue'),
(68, 68, '2023-09-13', 84.0, 'overdue'),
(69, 69, '2023-10-14', 84.5, 'paid'),
(70, 70, '2023-11-15', 85.0, 'pending'),
(71, 71, '2023-12-16', 85.5, 'paid'),
(72, 72, '2023-01-17', 86.0, 'pending'),
(73, 73, '2023-02-18', 86.5, 'paid'),
(74, 74, '2023-03-19', 87.0, 'pending'),
(75, 75, '2023-04-20', 87.5, 'overdue'),
(76, 76, '2023-05-21', 88.0, 'overdue'),
(77, 77, '2023-06-22', 88.5, 'paid'),
(78, 78, '2023-07-23', 89.0, 'pending'),
(79, 79, '2023-08-24', 89.5, 'paid'),
(80, 80, '2023-09-25', 90.0, 'pending'),
(81, 81, '2023-10-26', 90.5, 'paid'),
(82, 82, '2023-11-27', 91.0, 'pending'),
(83, 83, '2023-12-28', 91.5, 'paid'),
(84, 84, '2023-01-01', 92.0, 'pending'),
(85, 85, '2023-02-02', 92.5, 'overdue'),
(86, 86, '2023-03-03', 93.0, 'overdue'),
(87, 87, '2023-04-04', 93.5, 'paid'),
(88, 88, '2023-05-05', 94.0, 'pending'),
(89, 89, '2023-06-06', 94.5, 'paid'),
(90, 90, '2023-07-07', 95.0, 'pending'),
(91, 91, '2023-08-08', 95.5, 'paid'),
(92, 92, '2023-09-09', 96.0, 'pending'),
(93, 93, '2023-10-10', 96.5, 'overdue'),
(94, 94, '2023-11-11', 97.0, 'overdue'),
(95, 95, '2023-12-12', 97.5, 'overdue'),
(96, 96, '2023-01-13', 98.0, 'pending'),
(97, 97, '2023-02-14', 98.5, 'paid'),
(98, 98, '2023-03-15', 99.0, 'pending'),
(99, 99, '2023-04-16', 99.5, 'paid'),
(100, 100, '2023-05-17', 100.0, 'pending');

INSERT INTO network (node_id, node_name, latitude, longitude, capacity, status) VALUES
(1, 'be50.cor03.per01.wa.vocus.network', -37.416113300446256, 145.24517352407034, 2315, 'active'),
(2, 'syd-gls-har-wgw69-be-271.tpgi.com.au', -32.1970681620177, 115.80505929732783, 1051, 'active'),
(3, 'lag65.sclarinte01.aapt.net.au', -37.53942353697353, 144.62062926984598, 2598, 'active'),
(4, 'be84.cor03.per01.wa.vocus.network', -38.104968209310556, 144.74419095896172, 8917, 'active'),
(5, 'be75.cor03.per01.wa.vocus.network', -34.623331285888945, 138.4959259939495, 5407, 'active'),
(6, 'syd-gls-har-wgw36-be-483.tpgi.com.au', -33.47550228528346, 151.19488458097794, 1232, 'active'),
(7, 'bundle-ether64.284btpr01.optus.net.au', -27.113277389627076, 152.5315941828082, 473, 'active'),
(8, 'be28.cor03.per01.wa.vocus.network', -37.64607285776934, 144.49793053729476, 8727, 'active'),
(9, 'syd-gls-har-crt29-be-154.tpg.com.au', -42.67539369940685, 147.58107991522562, 7353, 'active'),
(10, 'bundle-ether28.452btpr01.optus.net.au', -27.380599672317594, 152.61137448335046, 4028, 'active'),
(11, 'be79.cor03.per01.wa.vocus.network', -31.966764976452517, 115.7900815249089, 2229, 'active'),
(12, 'be23.lsr01.brdg.nsw.vocus.network', -35.55353164341558, 149.2160104080079, 6906, 'active'),
(13, 'be59.cor03.per01.wa.vocus.network', -38.15737759869986, 144.79004547413513, 4644, 'active'),
(14, 'be95.cor03.per01.wa.vocus.network', -34.61609547868704, 138.1754950231545, 3534, 'active'),
(15, 'be72.cor03.per01.wa.vocus.network', -43.01798269087674, 147.43622568615322, 7916, 'active'),
(16, 'syd-gls-har-crt55-be-290.tpg.com.au', -37.68865836596832, 145.2210930816319, 1051, 'active'),
(17, 'syd-gls-har-crt4-be-398.tpg.com.au', -33.474674697759426, 150.80723714800865, 9065, 'active'),
(18, 'be4.cor03.syd11.nsw.vocus.network', -37.4647761161958, 145.12093592878884, 4725, 'active'),
(19, 'be87.cor03.per01.wa.vocus.network', -38.28849804930344, 144.96862568887724, 5885, 'active'),
(20, 'bundle-ether61.207btpr01.optus.net.au', -27.158966926593237, 152.76114373082723, 777, 'active'),
(21, 'be47.lsr01.brdg.nsw.vocus.network', -43.36910249158743, 147.52525999240655, 7380, 'active'),
(22, 'syd-gls-har-crt57-be-154.tpg.com.au', -33.6879896017821, 150.93047157061784, 281, 'active'),
(23, 'be68.cor03.syd11.nsw.vocus.network', -37.65488476963369, 144.89354626290285, 3023, 'active'),
(24, 'be22.cor03.syd11.nsw.vocus.network', -34.1787881291735, 151.4614209290058, 1769, 'active'),
(25, 'syd-gls-har-wgw95-be-252.tpgi.com.au', -35.18938351730094, 138.54259931395336, 3375, 'active'),
(26, 'lag18.sclarinte01.aapt.net.au', -27.73746165136715, 153.49739698923233, 4671, 'active'),
(27, 'be60.cor03.per01.wa.vocus.network', -33.42472676385286, 150.78704676353004, 8533, 'active'),
(28, 'lag72.sclarinte01.aapt.net.au', -37.77831644350496, 145.35574824028743, 8412, 'active'),
(29, 'be30.cor03.per01.wa.vocus.network', -33.96574269807418, 150.99887275049412, 2895, 'active'),
(30, 'syd-gls-har-wgw62-be-500.tpgi.com.au', -33.844382134513125, 151.0972538919679, 811, 'active'),
(31, 'syd-gls-har-wgw81-be-455.tpgi.com.au', -37.593408061800666, 144.53362319969605, 4335, 'active'),
(32, 'bundle-ether23.355btpr01.optus.net.au', -33.5133807407902, 151.1483099490561, 7601, 'active'),
(33, 'be61.cor03.syd11.nsw.vocus.network', -34.118154473361294, 150.88333705703275, 1501, 'active'),
(34, 'syd-gls-har-wgw45-be-469.tpgi.com.au', -37.324474531754596, 145.1374385707956, 147, 'active'),
(35, 'be77.cor03.per01.wa.vocus.network', -32.06831177393568, 116.02014422687002, 4573, 'active'),
(36, 'be31.cor03.syd11.nsw.vocus.network', -12.495100743652786, 130.59373747538044, 5451, 'active'),
(37, 'be31.cor03.syd11.nsw.vocus.network', -38.0359712420006, 144.86474897840114, 9525, 'active'),
(38, 'bundle-ether56.410btpr01.optus.net.au', -27.954563165791374, 153.26813847371247, 5850, 'active'),
(39, 'be33.lsr01.brdg.nsw.vocus.network', -37.426080879616556, 145.45708491838482, 7088, 'active'),
(40, 'be32.lsr01.brdg.nsw.vocus.network', -31.453489793769137, 115.578539813767, 8922, 'active'),
(41, 'be67.cor03.syd11.nsw.vocus.network', -33.71841654955725, 151.17742568510081, 9816, 'active'),
(42, 'be84.lsr01.brdg.nsw.vocus.network', -27.601706809288157, 153.24946810125556, 4699, 'active'),
(43, 'bundle-ether12.320btpr01.optus.net.au', -27.94477281305048, 152.571545959997, 3057, 'active'),
(44, 'be54.lsr01.brdg.nsw.vocus.network', -31.730289019229353, 115.45335784912821, 8526, 'active'),
(45, 'bundle-ether37.186btpr01.optus.net.au', -37.93224468136837, 144.67520217322166, 1003, 'active'),
(46, 'be48.lsr01.brdg.nsw.vocus.network', -37.77101405078401, 144.73675712646238, 1768, 'active'),
(47, 'be64.cor03.per01.wa.vocus.network', -12.55199455702114, 130.6726240640742, 6214, 'active'),
(48, 'be79.lsr01.brdg.nsw.vocus.network', -33.60056853332147, 150.87183282786543, 9984, 'active'),
(49, 'lag10.sclarinte01.aapt.net.au', -26.993392857513985, 153.18659913121098, 5173, 'active'),
(50, 'be46.lsr01.brdg.nsw.vocus.network', -27.144954705292516, 153.34909423612348, 295, 'active'),
(51, 'syd-gls-har-wgw12-be-395.tpgi.com.au', -27.65179045306746, 153.10159750015254, 1748, 'active'),
(52, 'bundle-ether25.173btpr01.optus.net.au', -33.695154116507574, 151.25921732980868, 9980, 'active'),
(53, 'lag61.sclarinte01.aapt.net.au', -37.36726651285605, 144.7483246369066, 3683, 'active'),
(54, 'be37.cor03.per01.wa.vocus.network', -42.40472351337825, 147.75990352190627, 1562, 'active'),
(55, 'bundle-ether69.354btpr01.optus.net.au', -37.8077161115326, 144.6419695128661, 2805, 'active'),
(56, 'lag36.sclarinte01.aapt.net.au', -33.66362208986726, 151.65351984361072, 6836, 'active'),
(57, 'be36.cor03.syd11.nsw.vocus.network', -34.991969367763105, 138.3475913975522, 4399, 'active'),
(58, 'lag82.sclarinte01.aapt.net.au', -33.715953832250335, 151.40754708367538, 378, 'active'),
(59, 'be48.cor03.per01.wa.vocus.network', -27.47028301688433, 153.4656436439794, 8431, 'active'),
(60, 'bundle-ether54.101btpr01.optus.net.au', -43.14657423469331, 147.70012176147787, 3275, 'active'),
(61, 'syd-gls-har-wgw45-be-350.tpgi.com.au', -27.154053730337132, 153.16753702292718, 8807, 'active'),
(62, 'be88.lsr01.brdg.nsw.vocus.network', -27.008719566745153, 153.03104648204106, 5755, 'active'),
(63, 'be19.lsr01.brdg.nsw.vocus.network', -33.557324892280306, 151.6583104147038, 8061, 'active'),
(64, 'syd-gls-har-crt31-be-365.tpg.com.au', -37.9574662589274, 144.83419372993282, 9020, 'active'),
(65, 'syd-gls-har-wgw5-be-243.tpgi.com.au', -37.4028405218315, 145.18898329327314, 619, 'active'),
(66, 'lag76.sclarinte01.aapt.net.au', -31.99184242975077, 115.96718946195892, 5615, 'active'),
(67, 'lag84.sclarinte01.aapt.net.au', -35.663947383687464, 149.5706049419918, 9466, 'active'),
(68, 'be52.cor03.syd11.nsw.vocus.network', -34.01656851359189, 151.1498838131338, 5277, 'active'),
(69, 'bundle-ether90.210btpr01.optus.net.au', -35.3098415517759, 149.56110873051725, 8987, 'active'),
(70, 'be37.cor03.syd11.nsw.vocus.network', -27.68220643196993, 152.87269868766984, 8765, 'active'),
(71, 'be62.cor03.per01.wa.vocus.network', -38.095553143573575, 144.56448516242045, 4434, 'active'),
(72, 'be68.cor03.per01.wa.vocus.network', -34.09612554006192, 151.2312888548121, 6006, 'active'),
(73, 'lag31.sclarinte01.aapt.net.au', -27.765531909470653, 153.36589754765407, 4375, 'active'),
(74, 'bundle-ether75.413btpr01.optus.net.au', -37.7758421039807, 145.29673692202502, 2332, 'active'),
(75, 'be4.cor03.per01.wa.vocus.network', -37.48914331832145, 144.81975537675874, 9607, 'active'),
(76, 'be82.lsr01.brdg.nsw.vocus.network', -38.04310235010636, 144.70789896232418, 1621, 'active'),
(77, 'be12.cor03.per01.wa.vocus.network', -27.25692340216248, 152.9766078790621, 6569, 'active'),
(78, 'be94.cor03.syd11.nsw.vocus.network', -34.26305695881095, 150.87547307696858, 5054, 'active'),
(79, 'bundle-ether82.446btpr01.optus.net.au', -37.8199641336755, 145.17427428963177, 9709, 'active'),
(80, 'be33.lsr01.brdg.nsw.vocus.network', -35.21628335127268, 138.96224280481886, 5490, 'active'),
(81, 'be5.lsr01.brdg.nsw.vocus.network', -27.636286266850075, 152.77849182450092, 5008, 'active'),
(82, 'be63.lsr01.brdg.nsw.vocus.network', -37.54567321324204, 145.20803492179454, 1538, 'active'),
(83, 'lag45.sclarinte01.aapt.net.au', -38.27715955785296, 144.84858928228982, 6135, 'active'),
(84, 'syd-gls-har-wgw96-be-107.tpgi.com.au', -33.89476115941996, 150.77724041470543, 2326, 'active'),
(85, 'be66.lsr01.brdg.nsw.vocus.network', -38.12922640340932, 145.23079245284092, 1282, 'active'),
(86, 'syd-gls-har-wgw66-be-334.tpgi.com.au', -34.017381402737875, 150.7757883409229, 5094, 'active'),
(87, 'bundle-ether61.353btpr01.optus.net.au', -34.920492460707784, 138.6865249388267, 5480, 'active'),
(88, 'be37.cor03.syd11.nsw.vocus.network', -42.607130476111465, 147.23059280076535, 6458, 'active'),
(89, 'lag30.sclarinte01.aapt.net.au', -32.11182133586803, 116.16285079423592, 4736, 'active'),
(90, 'be38.lsr01.brdg.nsw.vocus.network', -33.5819232697188, 151.67156796009965, 2170, 'active'),
(91, 'be47.cor03.syd11.nsw.vocus.network', -33.59677230224151, 151.0313511354156, 2296, 'active'),
(92, 'syd-gls-har-crt79-be-412.tpg.com.au', -27.09824853535508, 153.41341367989222, 3524, 'active'),
(93, 'be36.cor03.per01.wa.vocus.network', -38.222039040043825, 144.8392270869262, 4663, 'active'),
(94, 'be90.cor03.syd11.nsw.vocus.network', -12.496938995212684, 130.36204347164607, 2487, 'active'),
(95, 'syd-gls-har-crt25-be-194.tpg.com.au', -37.640808115453396, 144.67271015603347, 5207, 'active'),
(96, 'be16.lsr01.brdg.nsw.vocus.network', -35.09891831822003, 138.5977008301804, 7210, 'active'),
(97, 'be25.cor03.per01.wa.vocus.network', -37.98749385125085, 144.571375738799, 7855, 'active'),
(98, 'syd-gls-har-crt48-be-437.tpg.com.au', -38.03887234013257, 144.67854527253704, 8297, 'active'),
(99, 'lag94.sclarinte01.aapt.net.au', -35.73229329056191, 149.61504361145668, 5543, 'active'),
(100, 'bundle-ether18.368btpr01.optus.net.au', -37.508856708933344, 145.2778129397766, 6366, 'active'),
(101, 'syd-gls-har-wgw85-be-190.tpgi.com.au', -37.58289273070276, 145.39861887627416, 272, 'active'),
(102, 'be31.cor03.per01.wa.vocus.network', -27.33190008197984, 153.39111937581814, 2998, 'active'),
(103, 'bundle-ether63.252btpr01.optus.net.au', -34.29482408154747, 151.60779776398246, 2750, 'active'),
(104, 'syd-gls-har-wgw97-be-460.tpgi.com.au', -33.860495166694704, 151.61313537969087, 9777, 'active'),
(105, 'syd-gls-har-wgw32-be-392.tpgi.com.au', -33.486666065811946, 151.34039656457594, 2195, 'active'),
(106, 'be28.cor03.syd11.nsw.vocus.network', -12.303588379980559, 131.2733894433748, 2297, 'active'),
(107, 'bundle-ether8.423btpr01.optus.net.au', -37.73948812168301, 144.85736449348215, 2069, 'active'),
(108, 'bundle-ether68.265btpr01.optus.net.au', -34.93425094758973, 139.05915095662826, 4027, 'active'),
(109, 'syd-gls-har-wgw52-be-298.tpgi.com.au', -27.101281014112583, 152.53295334151892, 1972, 'active'),
(110, 'be42.lsr01.brdg.nsw.vocus.network', -37.65037075645931, 145.22401057680227, 6882, 'active'),
(111, 'lag39.sclarinte01.aapt.net.au', -34.040278000146664, 151.30425619416133, 2574, 'active'),
(112, 'be69.cor03.per01.wa.vocus.network', -34.9211173347692, 149.59271097754947, 2608, 'active'),
(113, 'be11.lsr01.brdg.nsw.vocus.network', -38.13345327196331, 144.82627677263068, 8594, 'active'),
(114, 'syd-gls-har-wgw87-be-225.tpgi.com.au', -27.21020562813935, 152.7458506724504, 7781, 'active'),
(115, 'syd-gls-har-crt67-be-485.tpg.com.au', -33.82864155893544, 150.74624718333743, 3196, 'active'),
(116, 'be42.cor03.per01.wa.vocus.network', -34.520233627665675, 139.03471807504081, 5109, 'active'),
(117, 'be16.cor03.syd11.nsw.vocus.network', -32.30238101554379, 115.82843441822563, 3406, 'active'),
(118, 'syd-gls-har-wgw84-be-119.tpgi.com.au', -34.20956809196869, 150.78059662376185, 936, 'active'),
(119, 'be6.cor03.syd11.nsw.vocus.network', -42.65213188698999, 147.19976456111286, 4928, 'active'),
(120, 'syd-gls-har-wgw11-be-245.tpgi.com.au', -33.9748506579228, 151.4722966333227, 4258, 'active'),
(121, 'lag53.sclarinte01.aapt.net.au', -27.78311757214473, 153.22040376866207, 5659, 'active'),
(122, 'be85.cor03.syd11.nsw.vocus.network', -32.07831184792549, 115.46462421759362, 3789, 'active'),
(123, 'lag90.sclarinte01.aapt.net.au', -27.617508344650037, 152.9283343178596, 5655, 'active'),
(124, 'syd-gls-har-wgw36-be-268.tpgi.com.au', -35.43166804901477, 148.72315684930797, 1378, 'active'),
(125, 'be76.lsr01.brdg.nsw.vocus.network', -32.07494233168028, 115.97886722435844, 7432, 'active'),
(126, 'lag71.sclarinte01.aapt.net.au', -27.946947636266415, 153.24678405926173, 8430, 'active'),
(127, 'be15.cor03.per01.wa.vocus.network', -27.77564570971052, 153.52280921794429, 6840, 'active'),
(128, 'be62.cor03.per01.wa.vocus.network', -38.1623057865365, 145.122326128912, 5543, 'active'),
(129, 'be42.lsr01.brdg.nsw.vocus.network', -33.77587202965404, 150.77266261906203, 687, 'active'),
(130, 'lag37.sclarinte01.aapt.net.au', -33.83844728246773, 150.8946404106482, 8394, 'active'),
(131, 'be80.lsr01.brdg.nsw.vocus.network', -27.88080618008061, 152.957876435979, 6172, 'active'),
(132, 'be28.cor03.syd11.nsw.vocus.network', -35.15939650214846, 138.36227521521644, 1049, 'active'),
(133, 'be72.cor03.syd11.nsw.vocus.network', -12.112723687302575, 130.6754110143299, 9282, 'active'),
(134, 'be20.cor03.per01.wa.vocus.network', -27.333883473584734, 152.85395352444814, 3381, 'active'),
(135, 'bundle-ether71.456btpr01.optus.net.au', -32.40290549336142, 115.88433982871885, 8973, 'active'),
(136, 'lag44.sclarinte01.aapt.net.au', -31.906565020879455, 116.2815314171657, 6425, 'active'),
(137, 'lag17.sclarinte01.aapt.net.au', -27.188498694047585, 152.69226661871784, 7133, 'active'),
(138, 'syd-gls-har-wgw89-be-327.tpgi.com.au', -37.82857195807502, 145.3285551333329, 5701, 'active'),
(139, 'be87.lsr01.brdg.nsw.vocus.network', -37.763001864472486, 144.52130440248447, 2729, 'active'),
(140, 'syd-gls-har-crt80-be-479.tpg.com.au', -34.26050015681157, 151.30459262974182, 783, 'active'),
(141, 'lag33.sclarinte01.aapt.net.au', -42.849753791457694, 146.9731668139668, 7751, 'active'),
(142, 'syd-gls-har-wgw88-be-396.tpgi.com.au', -27.257582695520536, 153.26501464729662, 7940, 'active'),
(143, 'be64.cor03.syd11.nsw.vocus.network', -34.055262716589034, 151.53160325837183, 4434, 'active'),
(144, 'lag62.sclarinte01.aapt.net.au', -38.14295321423926, 145.38738934658195, 8398, 'active'),
(145, 'syd-gls-har-crt18-be-183.tpg.com.au', -37.318653814674526, 144.93480177804975, 5119, 'active'),
(146, 'be21.cor03.per01.wa.vocus.network', -33.45399742681869, 151.48520465528753, 376, 'active'),
(147, 'be44.lsr01.brdg.nsw.vocus.network', -33.52435763923273, 150.88764578689322, 8388, 'active'),
(148, 'be50.lsr01.brdg.nsw.vocus.network', -33.99466427552292, 151.26379279808614, 1756, 'active'),
(149, 'be96.lsr01.brdg.nsw.vocus.network', -33.973480594349596, 150.71849045038783, 1843, 'active'),
(150, 'syd-gls-har-crt8-be-181.tpg.com.au', -37.499209205970025, 144.8226935213078, 8630, 'active'),
(151, 'bundle-ether54.133btpr01.optus.net.au', -27.055188582827892, 152.73985103133066, 7686, 'active'),
(152, 'lag7.sclarinte01.aapt.net.au', -33.44919953936148, 150.73373331975847, 3355, 'active'),
(153, 'syd-gls-har-crt4-be-489.tpg.com.au', -35.37214378649109, 149.0172929007632, 4708, 'active'),
(154, 'bundle-ether67.407btpr01.optus.net.au', -34.784484650851404, 149.3679654542471, 2023, 'active'),
(155, 'lag52.sclarinte01.aapt.net.au', -33.72894482122148, 150.9775288524111, 5463, 'active'),
(156, 'be45.lsr01.brdg.nsw.vocus.network', -42.689950330783496, 146.90722374778818, 4993, 'active'),
(157, 'syd-gls-har-crt9-be-212.tpg.com.au', -33.46001945498417, 151.25655613875128, 326, 'active'),
(158, 'be79.cor03.per01.wa.vocus.network', -37.68581191539267, 144.84898532792278, 1952, 'active'),
(159, 'lag28.sclarinte01.aapt.net.au', -32.08650338211095, 115.70838203235665, 6178, 'active'),
(160, 'be24.cor03.syd11.nsw.vocus.network', -33.61612299177448, 150.9003557272745, 2531, 'active'),
(161, 'be6.cor03.syd11.nsw.vocus.network', -34.94980655460441, 139.0283858223536, 5702, 'active'),
(162, 'be58.cor03.per01.wa.vocus.network', -37.611117747290294, 144.9923334892557, 3635, 'active'),
(163, 'be77.cor03.syd11.nsw.vocus.network', -43.2017749323084, 147.68174372327942, 7169, 'active'),
(164, 'syd-gls-har-crt46-be-187.tpg.com.au', -42.42591360681727, 147.4970833655544, 6363, 'active'),
(165, 'be23.lsr01.brdg.nsw.vocus.network', -37.55467454295722, 144.85893663246603, 9664, 'active'),
(166, 'syd-gls-har-wgw26-be-131.tpgi.com.au', -34.06865867318219, 151.34231133872564, 2764, 'active'),
(167, 'syd-gls-har-crt43-be-442.tpg.com.au', -34.62285724329236, 138.46721602471723, 7599, 'active'),
(168, 'be32.cor03.per01.wa.vocus.network', -37.77661457242959, 144.52638218188343, 5278, 'active'),
(169, 'bundle-ether17.394btpr01.optus.net.au', -34.932849428249824, 138.8578340709746, 7593, 'active'),
(170, 'bundle-ether27.112btpr01.optus.net.au', -27.623180808968137, 153.44521842755458, 6148, 'active'),
(171, 'bundle-ether36.311btpr01.optus.net.au', -38.10081811534206, 145.16986017525824, 7808, 'active'),
(172, 'be42.cor03.per01.wa.vocus.network', -27.2253301541594, 153.06544120427588, 7592, 'active'),
(173, 'be22.cor03.per01.wa.vocus.network', -34.47123353071511, 138.62115235842225, 2718, 'active'),
(174, 'syd-gls-har-wgw72-be-202.tpgi.com.au', -33.75561963954313, 151.46259382393472, 5214, 'active'),
(175, 'bundle-ether3.366btpr01.optus.net.au', -12.500350796789533, 130.84882492753405, 4003, 'active'),
(176, 'syd-gls-har-crt95-be-142.tpg.com.au', -33.72309534493212, 150.83610539838037, 1160, 'active'),
(177, 'be54.lsr01.brdg.nsw.vocus.network', -33.49513241964935, 151.60168022571116, 1778, 'active'),
(178, 'bundle-ether80.288btpr01.optus.net.au', -33.81933954143214, 151.1477441995754, 3939, 'active'),
(179, 'be50.cor03.per01.wa.vocus.network', -27.530839888235644, 153.3202147819573, 271, 'active'),
(180, 'bundle-ether26.491btpr01.optus.net.au', -42.904334251881224, 147.79435531131, 5916, 'active'),
(181, 'syd-gls-har-wgw54-be-486.tpgi.com.au', -27.537263360181335, 152.6633842264765, 1187, 'active'),
(182, 'syd-gls-har-wgw68-be-362.tpgi.com.au', -38.19650742000797, 144.8237191122702, 5107, 'active'),
(183, 'be19.cor03.syd11.nsw.vocus.network', -35.04600063040825, 149.1967752883641, 8233, 'active'),
(184, 'syd-gls-har-crt6-be-390.tpg.com.au', -34.598666214475394, 138.41560750805675, 5068, 'active'),
(185, 'syd-gls-har-crt35-be-167.tpg.com.au', -43.18968057792659, 147.11582661866956, 607, 'active'),
(186, 'syd-gls-har-crt72-be-288.tpg.com.au', -34.64336901173178, 138.12678457994733, 5176, 'active'),
(187, 'be16.lsr01.brdg.nsw.vocus.network', -42.97687377942337, 147.7043694085283, 6390, 'active'),
(188, 'bundle-ether45.183btpr01.optus.net.au', -33.95844462146599, 151.70510580815184, 3547, 'active'),
(189, 'syd-gls-har-wgw99-be-114.tpgi.com.au', -33.90094919458104, 151.6833560665521, 7291, 'active'),
(190, 'bundle-ether74.104btpr01.optus.net.au', -37.42986186804338, 144.9040132875379, 9104, 'active'),
(191, 'syd-gls-har-wgw28-be-290.tpgi.com.au', -34.466089808246466, 139.03811077137377, 3662, 'active'),
(192, 'be19.cor03.per01.wa.vocus.network', -33.56223849864988, 151.39985535692406, 6524, 'active'),
(193, 'syd-gls-har-wgw55-be-484.tpgi.com.au', -35.11058423140306, 138.2855266274071, 9854, 'active'),
(194, 'be48.cor03.syd11.nsw.vocus.network', -34.85936803624533, 138.17289178501923, 8866, 'active'),
(195, 'be69.cor03.syd11.nsw.vocus.network', -27.115187009968498, 153.45974995881454, 2157, 'active'),
(196, 'be82.lsr01.brdg.nsw.vocus.network', -34.827487180569385, 138.13848813908047, 6586, 'active'),
(197, 'syd-gls-har-wgw78-be-400.tpgi.com.au', -33.91688277658497, 151.17151674979905, 8830, 'active'),
(198, 'syd-gls-har-crt17-be-427.tpg.com.au', -27.415629776508936, 152.82999822398745, 8242, 'active'),
(199, 'syd-gls-har-wgw55-be-185.tpgi.com.au', -37.73466857131671, 144.6405505205034, 7146, 'active'),
(200, 'lag43.sclarinte01.aapt.net.au', -33.39210302201878, 151.26743510148725, 480, 'active'),
(201, 'be75.cor03.per01.wa.vocus.network', -34.81263245060498, 138.8323772208027, 2700, 'active'),
(202, 'syd-gls-har-wgw32-be-305.tpgi.com.au', -42.96203745368126, 147.6405702693286, 5061, 'active'),
(203, 'bundle-ether36.230btpr01.optus.net.au', -27.683796181602226, 153.01357534606865, 593, 'active'),
(204, 'syd-gls-har-wgw36-be-423.tpgi.com.au', -32.219208712373344, 116.18104479708826, 9966, 'active'),
(205, 'be35.cor03.per01.wa.vocus.network', -33.88673360374467, 151.00077886809515, 5500, 'active'),
(206, 'lag100.sclarinte01.aapt.net.au', -34.16216911442971, 150.71770514840685, 5893, 'active'),
(207, 'be30.lsr01.brdg.nsw.vocus.network', -43.12063348350227, 147.28328950442457, 3835, 'active'),
(208, 'be18.cor03.per01.wa.vocus.network', -33.63271245428637, 151.47938327155578, 4262, 'active'),
(209, 'be84.lsr01.brdg.nsw.vocus.network', -27.78528897394369, 152.69149560860322, 4486, 'active'),
(210, 'be17.lsr01.brdg.nsw.vocus.network', -34.05915195850689, 150.82996377106608, 1303, 'active'),
(211, 'be99.cor03.per01.wa.vocus.network', -37.921399163669086, 145.18785099193178, 2933, 'active'),
(212, 'bundle-ether46.237btpr01.optus.net.au', -27.651093831257306, 153.05053296282256, 4110, 'active'),
(213, 'be49.cor03.per01.wa.vocus.network', -33.55129155959252, 151.28616735332864, 5014, 'active'),
(214, 'syd-gls-har-wgw1-be-493.tpgi.com.au', -34.493137268575026, 138.76084476033677, 8532, 'active'),
(215, 'be5.cor03.per01.wa.vocus.network', -34.970247271032974, 138.34181236764658, 9330, 'active'),
(216, 'be74.cor03.per01.wa.vocus.network', -37.80299944749174, 145.0291076553403, 6761, 'active'),
(217, 'be58.cor03.per01.wa.vocus.network', -38.118829138709685, 145.0868015314984, 9036, 'active'),
(218, 'bundle-ether28.215btpr01.optus.net.au', -38.08195318758825, 144.57728290685725, 8502, 'active'),
(219, 'be20.cor03.syd11.nsw.vocus.network', -31.60325724089824, 115.9648212167518, 2165, 'active'),
(220, 'be80.cor03.per01.wa.vocus.network', -34.7390111966753, 138.8173528999796, 5447, 'active'),
(221, 'be61.cor03.per01.wa.vocus.network', -37.99840656767403, 144.96681280865235, 4269, 'active'),
(222, 'syd-gls-har-crt89-be-334.tpg.com.au', -35.197138893026036, 138.62444757167935, 6298, 'active'),
(223, 'bundle-ether73.266btpr01.optus.net.au', -37.479211877360996, 145.38174096662777, 9873, 'active'),
(224, 'be76.cor03.syd11.nsw.vocus.network', -38.09112432622935, 145.14429077820603, 4141, 'active'),
(225, 'be53.cor03.syd11.nsw.vocus.network', -35.00694798839242, 138.30797513519036, 4080, 'active'),
(226, 'syd-gls-har-crt74-be-155.tpg.com.au', -27.612933126660838, 153.35232319370485, 8526, 'active'),
(227, 'bundle-ether53.105btpr01.optus.net.au', -42.768146863997906, 147.0959620937355, 2486, 'active'),
(228, 'be72.cor03.per01.wa.vocus.network', -26.980020468425298, 153.49687328599254, 8340, 'active'),
(229, 'be37.cor03.per01.wa.vocus.network', -37.319705876768985, 144.8432609002489, 9908, 'active'),
(230, 'be51.cor03.syd11.nsw.vocus.network', -27.34420654113976, 153.11151129621402, 5283, 'active'),
(231, 'be34.lsr01.brdg.nsw.vocus.network', -34.027634617478064, 151.35022073839284, 532, 'active'),
(232, 'syd-gls-har-wgw46-be-398.tpgi.com.au', -33.804089047482776, 151.48280661343858, 2965, 'active'),
(233, 'syd-gls-har-wgw93-be-188.tpgi.com.au', -33.45210175344164, 151.59157384555286, 8588, 'active'),
(234, 'be1.cor03.per01.wa.vocus.network', -37.51124548220733, 145.02098856081903, 7244, 'active'),
(235, 'be84.lsr01.brdg.nsw.vocus.network', -42.45952018656458, 147.29137966802503, 5403, 'active'),
(236, 'lag68.sclarinte01.aapt.net.au', -34.12882234160797, 151.3044909199756, 3971, 'active'),
(237, 'be36.cor03.per01.wa.vocus.network', -27.212257432486396, 153.06761408072737, 3176, 'active'),
(238, 'be25.cor03.syd11.nsw.vocus.network', -27.257188264277026, 152.6927103648014, 441, 'active'),
(239, 'syd-gls-har-wgw97-be-376.tpgi.com.au', -27.30216222767151, 152.64997193502785, 7199, 'active'),
(240, 'be23.cor03.per01.wa.vocus.network', -35.00360038492364, 149.53496613979542, 9846, 'active'),
(241, 'be30.lsr01.brdg.nsw.vocus.network', -32.13958049349376, 115.96799873961268, 2333, 'active'),
(242, 'be61.cor03.syd11.nsw.vocus.network', -34.18095719288639, 151.0865547460767, 5981, 'active'),
(243, 'be31.cor03.syd11.nsw.vocus.network', -37.37693824468394, 144.57369562961728, 9265, 'active'),
(244, 'be98.cor03.syd11.nsw.vocus.network', -43.28493719853698, 147.45095017041461, 1066, 'active'),
(245, 'syd-gls-har-wgw42-be-307.tpgi.com.au', -27.565980319843728, 153.19415261759568, 6100, 'active'),
(246, 'be30.cor03.per01.wa.vocus.network', -37.93025529816226, 144.79371209992195, 4037, 'active'),
(247, 'syd-gls-har-crt18-be-411.tpg.com.au', -12.878158176153027, 130.9091786822028, 5961, 'active'),
(248, 'syd-gls-har-wgw15-be-188.tpgi.com.au', -27.265250236264883, 152.77574443318798, 8750, 'active'),
(249, 'be60.lsr01.brdg.nsw.vocus.network', -27.444397537167152, 152.88519818651463, 8683, 'active'),
(250, 'lag40.sclarinte01.aapt.net.au', -26.98790437198901, 153.37133569402445, 2594, 'active'),
(251, 'syd-gls-har-wgw22-be-457.tpgi.com.au', -34.36543846880792, 151.25159733897954, 8457, 'active'),
(252, 'bundle-ether57.417btpr01.optus.net.au', -27.52997846250989, 152.54355971599713, 4085, 'active'),
(253, 'syd-gls-har-crt31-be-150.tpg.com.au', -27.736902587367332, 152.5460487980661, 2485, 'active'),
(254, 'be51.lsr01.brdg.nsw.vocus.network', -33.68565230472083, 150.8616117078753, 2674, 'active'),
(255, 'be57.cor03.syd11.nsw.vocus.network', -37.93937446778375, 145.30892418234157, 7392, 'active'),
(256, 'syd-gls-har-crt54-be-448.tpg.com.au', -33.47501847359293, 150.83199129179735, 5328, 'active'),
(257, 'lag77.sclarinte01.aapt.net.au', -27.725071005892172, 153.1123578440857, 1247, 'active'),
(258, 'lag52.sclarinte01.aapt.net.au', -37.89727517217529, 145.35114098479727, 5707, 'active'),
(259, 'bundle-ether26.365btpr01.optus.net.au', -33.51652209976182, 150.88170872063415, 9850, 'active'),
(260, 'syd-gls-har-wgw47-be-253.tpgi.com.au', -37.844738741838675, 144.55794163087685, 5496, 'active'),
(261, 'be22.cor03.per01.wa.vocus.network', -32.02074386463864, 116.10891911748976, 5613, 'active'),
(262, 'syd-gls-har-wgw21-be-332.tpgi.com.au', -33.960030447703815, 150.76492549562906, 8796, 'active'),
(263, 'lag51.sclarinte01.aapt.net.au', -32.31256015558797, 115.85524406645813, 2371, 'active'),
(264, 'lag24.sclarinte01.aapt.net.au', -31.492279100931516, 116.1708058534619, 9048, 'active'),
(265, 'bundle-ether25.500btpr01.optus.net.au', -37.34638903096245, 144.9345175888623, 7698, 'active'),
(266, 'syd-gls-har-wgw98-be-446.tpgi.com.au', -35.12546834785856, 138.34306065650608, 5603, 'active'),
(267, 'be30.lsr01.brdg.nsw.vocus.network', -34.60437085294674, 138.64136043611262, 4241, 'active'),
(268, 'be18.cor03.per01.wa.vocus.network', -27.13379303914195, 152.5467110578847, 2970, 'active'),
(269, 'lag45.sclarinte01.aapt.net.au', -35.64812238908452, 149.58332861775077, 8317, 'active'),
(270, 'syd-gls-har-crt100-be-487.tpg.com.au', -33.630775569342696, 151.36714304353018, 3362, 'active'),
(271, 'syd-gls-har-crt33-be-242.tpg.com.au', -35.62284446743149, 149.30310346670225, 4643, 'active'),
(272, 'be45.cor03.syd11.nsw.vocus.network', -35.36321662189913, 149.5452901721578, 6970, 'active'),
(273, 'lag61.sclarinte01.aapt.net.au', -27.403745188233657, 153.20951160180297, 6657, 'active'),
(274, 'lag25.sclarinte01.aapt.net.au', -34.761389570528934, 138.63411500619247, 5454, 'active'),
(275, 'be94.cor03.syd11.nsw.vocus.network', -37.65402273533802, 144.78139931932245, 8930, 'active'),
(276, 'be36.lsr01.brdg.nsw.vocus.network', -27.060624271978917, 153.08144707150453, 2666, 'active'),
(277, 'be27.cor03.per01.wa.vocus.network', -33.79538618581407, 151.35266651900096, 162, 'active'),
(278, 'be50.cor03.per01.wa.vocus.network', -34.93906034066305, 138.6393667333288, 9823, 'active'),
(279, 'be22.lsr01.brdg.nsw.vocus.network', -35.103069475230086, 149.0061589207163, 2038, 'active'),
(280, 'lag43.sclarinte01.aapt.net.au', -42.67884928261755, 147.03618749356013, 6590, 'active'),
(281, 'be72.cor03.syd11.nsw.vocus.network', -35.23561126518322, 149.47667183097798, 9107, 'active'),
(282, 'bundle-ether7.395btpr01.optus.net.au', -34.66525695704602, 138.85703615228454, 7230, 'active'),
(283, 'be87.cor03.per01.wa.vocus.network', -34.08127879894412, 151.12970350187732, 3419, 'active'),
(284, 'bundle-ether15.252btpr01.optus.net.au', -31.879448220106887, 115.84079976628517, 3220, 'active'),
(285, 'be62.cor03.per01.wa.vocus.network', -37.57218260712503, 145.23613515161617, 9792, 'active'),
(286, 'be88.cor03.syd11.nsw.vocus.network', -37.86853378598366, 144.6511874403704, 3062, 'active'),
(287, 'bundle-ether2.242btpr01.optus.net.au', -34.88470830959694, 138.9179049472508, 2899, 'active'),
(288, 'lag31.sclarinte01.aapt.net.au', -27.75282871461816, 153.37829277197594, 4709, 'active'),
(289, 'lag90.sclarinte01.aapt.net.au', -33.81431050702433, 151.1548182382783, 7212, 'active'),
(290, 'lag62.sclarinte01.aapt.net.au', -12.260276613205766, 130.72013079764469, 2059, 'active'),
(291, 'syd-gls-har-wgw22-be-160.tpgi.com.au', -38.01697489168047, 145.06498737825657, 576, 'active'),
(292, 'syd-gls-har-wgw20-be-400.tpgi.com.au', -33.98331420463314, 150.9266193813282, 7255, 'active'),
(293, 'lag62.sclarinte01.aapt.net.au', -37.37885542873359, 145.37283861186404, 9098, 'active'),
(294, 'lag22.sclarinte01.aapt.net.au', -12.621095176707998, 130.92808370799983, 4708, 'active'),
(295, 'be85.lsr01.brdg.nsw.vocus.network', -34.43643617454676, 138.88893158339008, 773, 'active'),
(296, 'lag92.sclarinte01.aapt.net.au', -27.551380030793197, 153.0240729223348, 3235, 'active'),
(297, 'syd-gls-har-wgw10-be-493.tpgi.com.au', -37.975819634627484, 144.58441667905208, 4387, 'active'),
(298, 'be25.lsr01.brdg.nsw.vocus.network', -35.061890339784284, 149.51471190779517, 4917, 'active'),
(299, 'be90.cor03.syd11.nsw.vocus.network', -33.481201735785774, 151.4193308996164, 1037, 'active'),
(300, 'be74.cor03.syd11.nsw.vocus.network', -31.813126372892935, 115.65731929924618, 8096, 'active'),
(301, 'be11.lsr01.brdg.nsw.vocus.network', -31.59240305002344, 116.31911621798767, 1874, 'active'),
(302, 'syd-gls-har-wgw96-be-211.tpgi.com.au', -27.665696926482187, 153.28682062125307, 7900, 'active'),
(303, 'be84.cor03.syd11.nsw.vocus.network', -38.06696647401347, 145.26160861515228, 4091, 'active'),
(304, 'lag45.sclarinte01.aapt.net.au', -34.88128514122488, 149.272181831739, 6456, 'active'),
(305, 'bundle-ether39.407btpr01.optus.net.au', -31.566944423758247, 116.2586493406437, 2007, 'active'),
(306, 'syd-gls-har-crt72-be-118.tpg.com.au', -38.191236912915, 144.527400170114, 1243, 'active'),
(307, 'syd-gls-har-wgw71-be-268.tpgi.com.au', -12.406312430446283, 130.90332793841455, 4983, 'active'),
(308, 'syd-gls-har-wgw55-be-163.tpgi.com.au', -32.16738548487549, 115.57465538270377, 5949, 'active'),
(309, 'bundle-ether1.433btpr01.optus.net.au', -33.53182925495674, 151.003724819952, 7474, 'active'),
(310, 'be81.lsr01.brdg.nsw.vocus.network', -33.972080128497204, 150.73129422585677, 1450, 'active'),
(311, 'syd-gls-har-wgw73-be-155.tpgi.com.au', -38.135402949858246, 144.88561029306118, 8690, 'active'),
(312, 'syd-gls-har-wgw6-be-166.tpgi.com.au', -33.828663982605946, 151.36994640380516, 8018, 'active'),
(313, 'lag37.sclarinte01.aapt.net.au', -38.22323515584861, 145.3024560011278, 222, 'active'),
(314, 'syd-gls-har-crt29-be-173.tpg.com.au', -35.632444922491786, 149.24345624151434, 1003, 'active'),
(315, 'syd-gls-har-wgw68-be-113.tpgi.com.au', -37.365088952061235, 145.37161280079675, 6878, 'active'),
(316, 'be9.lsr01.brdg.nsw.vocus.network', -37.986559633769765, 145.29375719030463, 4437, 'active'),
(317, 'be29.lsr01.brdg.nsw.vocus.network', -37.77500365874269, 145.30052018779517, 7754, 'active'),
(318, 'be72.lsr01.brdg.nsw.vocus.network', -32.28394949731147, 116.08304312915529, 6514, 'active'),
(319, 'be59.lsr01.brdg.nsw.vocus.network', -35.6510526329155, 148.89804741500714, 3499, 'active'),
(320, 'be58.lsr01.brdg.nsw.vocus.network', -34.303764320500605, 151.58366270389405, 5194, 'active'),
(321, 'be99.lsr01.brdg.nsw.vocus.network', -35.04044683952661, 149.5503308256953, 6000, 'active'),
(322, 'be77.lsr01.brdg.nsw.vocus.network', -37.992955921605144, 144.94414741746527, 1931, 'active'),
(323, 'syd-gls-har-wgw51-be-444.tpgi.com.au', -42.67157185128035, 147.23744350234725, 976, 'active'),
(324, 'syd-gls-har-crt69-be-465.tpg.com.au', -34.69001078560005, 139.02771041199964, 6493, 'active'),
(325, 'be23.cor03.syd11.nsw.vocus.network', -35.130800683106415, 149.30873222386276, 6261, 'active'),
(326, 'syd-gls-har-crt67-be-306.tpg.com.au', -33.40843994275299, 151.44141379861648, 871, 'active'),
(327, 'lag80.sclarinte01.aapt.net.au', -33.546997677622294, 151.31176208930393, 6534, 'active'),
(328, 'syd-gls-har-crt62-be-366.tpg.com.au', -33.65054093367961, 150.7267719347745, 6785, 'active'),
(329, 'be91.cor03.syd11.nsw.vocus.network', -33.9514649795918, 150.8989909568674, 1929, 'active'),
(330, 'syd-gls-har-crt84-be-282.tpg.com.au', -34.15009503680094, 151.6886583291329, 6530, 'active'),
(331, 'bundle-ether99.271btpr01.optus.net.au', -12.027571623865084, 130.87991227030471, 4164, 'active'),
(332, 'lag31.sclarinte01.aapt.net.au', -34.328094140689885, 151.6305701588162, 8125, 'active'),
(333, 'bundle-ether95.491btpr01.optus.net.au', -27.57298907267164, 153.2057438606932, 9430, 'active'),
(334, 'lag80.sclarinte01.aapt.net.au', -27.840400236014375, 152.81482019863955, 663, 'active'),
(335, 'be8.cor03.per01.wa.vocus.network', -12.612412845296172, 130.92856059594072, 9108, 'active'),
(336, 'be46.cor03.per01.wa.vocus.network', -34.352060605837366, 151.33703094529136, 5630, 'active'),
(337, 'syd-gls-har-crt89-be-250.tpg.com.au', -12.016893365800682, 130.8018106405687, 8895, 'active'),
(338, 'be59.lsr01.brdg.nsw.vocus.network', -33.54423683340271, 151.65872132174715, 5621, 'active'),
(339, 'syd-gls-har-wgw100-be-211.tpgi.com.au', -34.54108722571729, 138.50667833352443, 9689, 'active'),
(340, 'lag98.sclarinte01.aapt.net.au', -34.911991673978854, 149.4985098644517, 715, 'active'),
(341, 'bundle-ether50.450btpr01.optus.net.au', -42.49450565626084, 146.82964919359023, 3506, 'active'),
(342, 'syd-gls-har-wgw81-be-339.tpgi.com.au', -34.795409842714236, 149.05976532951541, 4847, 'active'),
(343, 'be32.cor03.per01.wa.vocus.network', -37.76309504987497, 144.8829079098771, 4593, 'active'),
(344, 'bundle-ether76.465btpr01.optus.net.au', -27.30374581496536, 152.61424956449923, 5756, 'active'),
(345, 'syd-gls-har-crt92-be-413.tpg.com.au', -27.401652885315073, 153.4131477802308, 1508, 'active'),
(346, 'be89.cor03.per01.wa.vocus.network', -35.04010491213127, 149.4922937000087, 3185, 'active'),
(347, 'be4.cor03.per01.wa.vocus.network', -27.77327245227552, 153.07696069674978, 3806, 'active'),
(348, 'bundle-ether21.386btpr01.optus.net.au', -37.38353970968068, 145.07497081696766, 5621, 'active'),
(349, 'syd-gls-har-crt35-be-462.tpg.com.au', -37.997243746656586, 145.00378204733548, 524, 'active'),
(350, 'bundle-ether86.383btpr01.optus.net.au', -35.757274471058885, 149.376547557897, 329, 'active'),
(351, 'bundle-ether1.352btpr01.optus.net.au', -38.15389979367304, 145.3355579128951, 2041, 'active'),
(352, 'be14.cor03.per01.wa.vocus.network', -37.88509225125809, 145.46242588138338, 4171, 'active'),
(353, 'be89.cor03.per01.wa.vocus.network', -38.141815492005726, 145.26265960467194, 7426, 'active'),
(354, 'lag27.sclarinte01.aapt.net.au', -33.63433898280544, 151.4083828514316, 4785, 'active'),
(355, 'be39.lsr01.brdg.nsw.vocus.network', -12.428524568386422, 130.5903525408893, 1826, 'active'),
(356, 'bundle-ether26.344btpr01.optus.net.au', -33.92040961592068, 151.47001920952272, 2070, 'active'),
(357, 'be38.lsr01.brdg.nsw.vocus.network', -31.45698499866681, 115.5872388686146, 5723, 'active'),
(358, 'syd-gls-har-crt24-be-427.tpg.com.au', -38.284339543278186, 144.96760495481607, 4813, 'active'),
(359, 'be37.cor03.syd11.nsw.vocus.network', -27.80015383894485, 153.35073618847895, 7625, 'active'),
(360, 'be27.lsr01.brdg.nsw.vocus.network', -12.212301087041197, 131.33652019851718, 156, 'active'),
(361, 'syd-gls-har-wgw80-be-441.tpgi.com.au', -33.5290703425359, 150.85588761087917, 5364, 'active'),
(362, 'be11.cor03.per01.wa.vocus.network', -35.35987146527587, 138.1618130783104, 637, 'active'),
(363, 'lag19.sclarinte01.aapt.net.au', -34.65653897452426, 138.34337718496403, 9707, 'active'),
(364, 'syd-gls-har-wgw59-be-351.tpgi.com.au', -37.96240871258287, 145.4550338082126, 3888, 'active'),
(365, 'be74.lsr01.brdg.nsw.vocus.network', -34.06999738427158, 151.6887450428072, 7901, 'active'),
(366, 'be6.cor03.per01.wa.vocus.network', -33.96971328952977, 151.19891762815382, 2098, 'active'),
(367, 'be94.cor03.syd11.nsw.vocus.network', -27.08971161491278, 152.5901512813782, 1501, 'active'),
(368, 'be52.cor03.per01.wa.vocus.network', -33.796059940596095, 151.05217403361848, 4990, 'active'),
(369, 'syd-gls-har-crt22-be-437.tpg.com.au', -33.95740188201402, 150.89304372605113, 4466, 'active'),
(370, 'be85.lsr01.brdg.nsw.vocus.network', -35.30529337853091, 138.1551717208817, 6359, 'active'),
(371, 'lag49.sclarinte01.aapt.net.au', -33.89544568303795, 151.256674926486, 4830, 'active'),
(372, 'lag34.sclarinte01.aapt.net.au', -32.39136500170306, 115.5610618747866, 9143, 'active'),
(373, 'be94.lsr01.brdg.nsw.vocus.network', -32.30429528871536, 116.11215871832542, 9916, 'active'),
(374, 'be72.cor03.per01.wa.vocus.network', -35.030667951042254, 148.7045184068169, 1612, 'active'),
(375, 'be21.cor03.syd11.nsw.vocus.network', -38.26882168892616, 145.09511587573385, 8193, 'active'),
(376, 'syd-gls-har-crt50-be-273.tpg.com.au', -42.38853999643281, 147.10576642132847, 8358, 'active'),
(377, 'be75.cor03.per01.wa.vocus.network', -32.14603257659002, 116.11808479171002, 9444, 'active'),
(378, 'syd-gls-har-wgw60-be-128.tpgi.com.au', -27.376218727156925, 152.89251865877586, 9671, 'active'),
(379, 'be45.cor03.per01.wa.vocus.network', -27.016986769623454, 152.59930436802455, 6805, 'active'),
(380, 'be38.cor03.syd11.nsw.vocus.network', -34.79750936103575, 149.3533549347111, 979, 'active'),
(381, 'syd-gls-har-crt93-be-327.tpg.com.au', -37.97804062990892, 145.304860667376, 4690, 'active'),
(382, 'syd-gls-har-crt17-be-430.tpg.com.au', -27.845187446759578, 152.90424415430857, 419, 'active'),
(383, 'syd-gls-har-wgw72-be-288.tpgi.com.au', -37.33096363371863, 144.90855813749798, 5906, 'active'),
(384, 'be98.lsr01.brdg.nsw.vocus.network', -27.269947804107247, 152.96886058499663, 5682, 'active'),
(385, 'be49.cor03.per01.wa.vocus.network', -37.60431771129043, 144.61036968657453, 2957, 'active'),
(386, 'syd-gls-har-crt65-be-332.tpg.com.au', -37.43225794338939, 145.19383852777094, 2504, 'active'),
(387, 'be3.cor03.syd11.nsw.vocus.network', -12.37507871418383, 131.153154019846, 4538, 'active'),
(388, 'syd-gls-har-crt34-be-355.tpg.com.au', -34.002663210553514, 151.38637719306178, 4804, 'active'),
(389, 'syd-gls-har-wgw40-be-450.tpgi.com.au', -37.49580313049171, 145.36272597827002, 9298, 'active'),
(390, 'lag52.sclarinte01.aapt.net.au', -38.22631360990602, 145.0957261227369, 4197, 'active'),
(391, 'syd-gls-har-crt50-be-340.tpg.com.au', -34.65927638406485, 138.57916675388233, 322, 'active'),
(392, 'bundle-ether58.129btpr01.optus.net.au', -37.86774255396919, 145.14781349779776, 1240, 'active'),
(393, 'be90.cor03.per01.wa.vocus.network', -34.77034728168597, 138.73516989281887, 9858, 'active'),
(394, 'bundle-ether52.206btpr01.optus.net.au', -38.2136033412845, 144.76043895589086, 4302, 'active'),
(395, 'bundle-ether83.395btpr01.optus.net.au', -37.83174621259737, 145.44512721140794, 964, 'active'),
(396, 'syd-gls-har-wgw23-be-240.tpgi.com.au', -12.632535660533991, 130.98538933648769, 2702, 'active'),
(397, 'syd-gls-har-crt87-be-149.tpg.com.au', -34.24049972181335, 151.54111397774508, 9152, 'active'),
(398, 'syd-gls-har-wgw15-be-247.tpgi.com.au', -32.34018627731291, 115.44580886101497, 6972, 'active'),
(399, 'syd-gls-har-wgw66-be-114.tpgi.com.au', -27.079596661042356, 152.75435862957718, 8488, 'active'),
(400, 'syd-gls-har-crt76-be-330.tpg.com.au', -35.31601319765638, 138.8829777382145, 6679, 'active'),
(401, 'bundle-ether94.224btpr01.optus.net.au', -32.43085590376834, 115.97680390120871, 6413, 'active'),
(402, 'lag28.sclarinte01.aapt.net.au', -37.775413844657464, 145.06261310833503, 5015, 'active'),
(403, 'be66.lsr01.brdg.nsw.vocus.network', -34.197366771666644, 151.11277658294236, 5768, 'active'),
(404, 'be21.cor03.per01.wa.vocus.network', -37.50286261687497, 145.25943941259996, 4960, 'active'),
(405, 'be5.cor03.syd11.nsw.vocus.network', -12.032060226570728, 130.48374579276873, 5213, 'active'),
(406, 'syd-gls-har-crt4-be-376.tpg.com.au', -35.465954935835164, 149.09552242199953, 3383, 'active'),
(407, 'syd-gls-har-wgw69-be-295.tpgi.com.au', -37.78810330672828, 144.66755923146928, 441, 'active'),
(408, 'be96.lsr01.brdg.nsw.vocus.network', -37.51631866538578, 145.45321294618662, 1041, 'active'),
(409, 'syd-gls-har-wgw47-be-308.tpgi.com.au', -37.72327255562229, 144.6001619834009, 793, 'active'),
(410, 'be6.cor03.per01.wa.vocus.network', -31.77021919881556, 116.25062306655605, 5172, 'active'),
(411, 'be43.lsr01.brdg.nsw.vocus.network', -31.991444967428656, 115.9811299042573, 9595, 'active'),
(412, 'bundle-ether100.331btpr01.optus.net.au', -32.361647951565246, 115.8729984271879, 9588, 'active'),
(413, 'be3.cor03.per01.wa.vocus.network', -12.206932325607307, 130.3677723380601, 8240, 'active'),
(414, 'bundle-ether30.239btpr01.optus.net.au', -37.66056586392481, 144.9744339605447, 5705, 'active'),
(415, 'syd-gls-har-crt78-be-403.tpg.com.au', -27.79046896067893, 153.18338615793766, 3767, 'active'),
(416, 'be20.lsr01.brdg.nsw.vocus.network', -38.00607721020401, 144.80206532747872, 1717, 'active'),
(417, 'be68.lsr01.brdg.nsw.vocus.network', -27.762464564715177, 153.3534457918311, 9037, 'active'),
(418, 'bundle-ether31.112btpr01.optus.net.au', -32.435040726738535, 116.22527196511157, 2356, 'active'),
(419, 'be94.cor03.syd11.nsw.vocus.network', -34.08152539108271, 151.06172436549218, 7670, 'active'),
(420, 'lag12.sclarinte01.aapt.net.au', -37.646492137714084, 145.21937792733496, 5439, 'active'),
(421, 'bundle-ether65.459btpr01.optus.net.au', -34.763313823360136, 138.69625449482663, 5294, 'active'),
(422, 'be53.cor03.syd11.nsw.vocus.network', -32.2986993623494, 115.37041946361488, 2486, 'active'),
(423, 'syd-gls-har-wgw17-be-464.tpgi.com.au', -37.49412180407493, 144.5952666871077, 1658, 'active'),
(424, 'be53.cor03.syd11.nsw.vocus.network', -32.440424671339926, 115.8843989770733, 781, 'active'),
(425, 'be25.lsr01.brdg.nsw.vocus.network', -34.24949724758192, 150.80520321929896, 3964, 'active'),
(426, 'be93.cor03.per01.wa.vocus.network', -33.72181731231938, 151.31593973613025, 4016, 'active'),
(427, 'syd-gls-har-wgw86-be-226.tpgi.com.au', -12.420536922208026, 130.5931671608962, 7334, 'active'),
(428, 'be9.lsr01.brdg.nsw.vocus.network', -32.243555609726215, 116.26882582319415, 9819, 'active'),
(429, 'bundle-ether59.131btpr01.optus.net.au', -34.4326599224921, 138.71912679663052, 6829, 'active'),
(430, 'syd-gls-har-crt28-be-425.tpg.com.au', -37.65715923949634, 144.9223567097046, 4793, 'active'),
(431, 'be38.cor03.per01.wa.vocus.network', -35.463916311172305, 148.68529260185704, 2606, 'active'),
(432, 'be88.cor03.syd11.nsw.vocus.network', -34.22711176630342, 151.01615382607991, 3601, 'active'),
(433, 'syd-gls-har-crt50-be-293.tpg.com.au', -37.50709977645983, 144.5525557724169, 6825, 'active'),
(434, 'be62.cor03.syd11.nsw.vocus.network', -34.47338233822489, 138.59228011545136, 6500, 'active'),
(435, 'syd-gls-har-crt28-be-467.tpg.com.au', -27.85875444171321, 152.6473658418566, 4278, 'active'),
(436, 'be44.lsr01.brdg.nsw.vocus.network', -31.558751327849766, 115.3728193023257, 2583, 'active'),
(437, 'be99.cor03.per01.wa.vocus.network', -37.75434393804021, 145.05322844439948, 1247, 'active'),
(438, 'syd-gls-har-wgw48-be-479.tpgi.com.au', -27.5655471557368, 153.41485341107943, 369, 'active'),
(439, 'syd-gls-har-wgw96-be-201.tpgi.com.au', -27.228795201917997, 153.14245131822145, 3351, 'active'),
(440, 'be13.cor03.per01.wa.vocus.network', -27.750857658976873, 152.7206033933599, 8534, 'active'),
(441, 'be94.cor03.syd11.nsw.vocus.network', -35.136570579303196, 149.4455381544067, 9572, 'active'),
(442, 'syd-gls-har-crt43-be-105.tpg.com.au', -34.95057736928978, 138.92122565802276, 4936, 'active'),
(443, 'syd-gls-har-wgw42-be-433.tpgi.com.au', -38.07227954971146, 145.18437668281467, 3792, 'active'),
(444, 'be9.lsr01.brdg.nsw.vocus.network', -33.79253343517372, 151.66096477259714, 8358, 'active'),
(445, 'syd-gls-har-crt37-be-439.tpg.com.au', -27.323015045286652, 152.9561158965105, 4594, 'active'),
(446, 'be97.cor03.syd11.nsw.vocus.network', -34.85200346595851, 139.06594558532663, 7997, 'active'),
(447, 'lag69.sclarinte01.aapt.net.au', -27.931000407516514, 152.93137793562616, 1939, 'active'),
(448, 'be37.lsr01.brdg.nsw.vocus.network', -35.23357296290896, 149.31012527107765, 3936, 'active'),
(449, 'lag81.sclarinte01.aapt.net.au', -33.8958496437225, 151.66406254004227, 5477, 'active'),
(450, 'be7.cor03.per01.wa.vocus.network', -35.35471368535207, 149.3311906416923, 2509, 'active'),
(451, 'syd-gls-har-crt15-be-107.tpg.com.au', -37.66316041727478, 145.19669997290143, 3415, 'active'),
(452, 'be29.cor03.per01.wa.vocus.network', -12.578749709813403, 130.92991791186614, 1023, 'active'),
(453, 'be78.cor03.per01.wa.vocus.network', -37.883085953070264, 145.23485501620146, 716, 'active'),
(454, 'be33.cor03.per01.wa.vocus.network', -31.647098730919318, 115.57984195511963, 6846, 'active'),
(455, 'syd-gls-har-crt21-be-123.tpg.com.au', -35.67288384522964, 149.50588468565388, 7948, 'active'),
(456, 'syd-gls-har-crt78-be-212.tpg.com.au', -12.151242237475936, 130.55953008410944, 4244, 'active'),
(457, 'bundle-ether69.379btpr01.optus.net.au', -34.225962359698585, 151.35018093259436, 9223, 'active'),
(458, 'bundle-ether26.429btpr01.optus.net.au', -12.934969384190477, 131.33935105657375, 4965, 'active'),
(459, 'be98.lsr01.brdg.nsw.vocus.network', -34.61808565633397, 138.3858958785379, 6698, 'active'),
(460, 'lag87.sclarinte01.aapt.net.au', -37.378303090714596, 144.7118856909122, 7270, 'active'),
(461, 'lag61.sclarinte01.aapt.net.au', -34.34103251826033, 151.64610523441587, 8622, 'active'),
(462, 'be18.cor03.per01.wa.vocus.network', -38.306441678447634, 145.39293430794967, 5200, 'active'),
(463, 'be30.cor03.per01.wa.vocus.network', -34.72777470158081, 138.51393781485407, 3851, 'active'),
(464, 'be17.cor03.syd11.nsw.vocus.network', -32.11891262125108, 116.07706625258122, 8025, 'active'),
(465, 'lag28.sclarinte01.aapt.net.au', -27.460288261493474, 152.91295440612993, 5203, 'active'),
(466, 'syd-gls-har-crt56-be-159.tpg.com.au', -37.556142604067496, 144.670456966807, 2216, 'active'),
(467, 'be89.lsr01.brdg.nsw.vocus.network', -27.008987705207293, 152.55572421728036, 4460, 'active'),
(468, 'be5.cor03.syd11.nsw.vocus.network', -37.34218592878937, 144.65388908170124, 505, 'active'),
(469, 'be90.cor03.per01.wa.vocus.network', -37.40473586575637, 144.61294515186094, 8007, 'active'),
(470, 'syd-gls-har-wgw81-be-158.tpgi.com.au', -27.496332377017396, 153.44126216185643, 466, 'active'),
(471, 'bundle-ether18.152btpr01.optus.net.au', -33.62811419421298, 151.6319410442275, 1163, 'active'),
(472, 'be30.cor03.syd11.nsw.vocus.network', -27.61012313635042, 152.68784860177112, 5187, 'active'),
(473, 'syd-gls-har-crt54-be-410.tpg.com.au', -27.24882610881556, 153.17550429291109, 2321, 'active'),
(474, 'syd-gls-har-wgw24-be-339.tpgi.com.au', -34.29162462798883, 150.86750820000609, 3915, 'active'),
(475, 'be84.cor03.syd11.nsw.vocus.network', -33.84772409761105, 151.5983150326517, 4589, 'active'),
(476, 'be14.cor03.per01.wa.vocus.network', -33.966678141709494, 151.36566713698204, 4711, 'active'),
(477, 'be68.lsr01.brdg.nsw.vocus.network', -33.55271392199135, 150.83728322954795, 8633, 'active'),
(478, 'lag35.sclarinte01.aapt.net.au', -12.38982236877839, 130.97040287421163, 658, 'active'),
(479, 'syd-gls-har-wgw94-be-319.tpgi.com.au', -31.711002903602168, 115.44210765900748, 2753, 'active'),
(480, 'be50.lsr01.brdg.nsw.vocus.network', -38.21189613487191, 144.95927670372856, 1812, 'active'),
(481, 'bundle-ether68.393btpr01.optus.net.au', -38.223725818157185, 144.4811553012547, 5456, 'active'),
(482, 'syd-gls-har-crt34-be-102.tpg.com.au', -37.590131598326224, 144.71104533393134, 6170, 'active'),
(483, 'be17.cor03.per01.wa.vocus.network', -27.165016235095976, 152.58693660985574, 9396, 'active'),
(484, 'syd-gls-har-wgw90-be-182.tpgi.com.au', -33.94658909044091, 151.26368982393532, 8248, 'active'),
(485, 'be69.lsr01.brdg.nsw.vocus.network', -37.38895617230989, 144.9038006494796, 6153, 'active'),
(486, 'bundle-ether21.327btpr01.optus.net.au', -31.980041751474406, 115.41853458687334, 2392, 'active'),
(487, 'syd-gls-har-wgw50-be-160.tpgi.com.au', -42.81257431340758, 146.88507420819, 9648, 'active'),
(488, 'bundle-ether32.124btpr01.optus.net.au', -35.21477180170763, 148.65503250107713, 1522, 'active'),
(489, 'syd-gls-har-crt72-be-112.tpg.com.au', -33.617809189688714, 151.3233668930328, 1925, 'active'),
(490, 'be2.cor03.per01.wa.vocus.network', -37.73675137525701, 145.00171034568257, 8553, 'active'),
(491, 'lag77.sclarinte01.aapt.net.au', -34.00363494496835, 150.96878550294434, 7959, 'active'),
(492, 'syd-gls-har-crt49-be-294.tpg.com.au', -33.466574555509, 151.2792682795649, 6332, 'active'),
(493, 'be90.cor03.per01.wa.vocus.network', -33.59578587962726, 151.5881523317585, 7463, 'active'),
(494, 'syd-gls-har-wgw9-be-274.tpgi.com.au', -38.01291313398191, 145.42996501809412, 4162, 'active'),
(495, 'lag69.sclarinte01.aapt.net.au', -37.35835726142452, 144.8891156513136, 5848, 'active'),
(496, 'be7.cor03.per01.wa.vocus.network', -38.13530152018107, 145.2653399602426, 4519, 'active'),
(497, 'syd-gls-har-wgw65-be-223.tpgi.com.au', -32.13568160203838, 115.88729871757624, 2206, 'active'),
(498, 'syd-gls-har-crt76-be-285.tpg.com.au', -38.14674345105321, 144.75331302285832, 1829, 'active'),
(499, 'bundle-ether58.494btpr01.optus.net.au', -33.848822022757965, 150.84528195714606, 3518, 'active'),
(500, 'be32.cor03.syd11.nsw.vocus.network', -26.98304114346829, 152.57068286379936, 9109, 'active'),
(501, 'be47.cor03.syd11.nsw.vocus.network', -33.59922894127154, 150.94558770737783, 5586, 'active'),
(502, 'be22.cor03.syd11.nsw.vocus.network', -37.35469016582113, 144.79196554129476, 1065, 'active'),
(503, 'syd-gls-har-wgw98-be-381.tpgi.com.au', -34.77829962246477, 138.1487304163184, 5984, 'active'),
(504, 'syd-gls-har-crt60-be-249.tpg.com.au', -34.31664020669611, 151.20814501926242, 2397, 'active'),
(505, 'be44.cor03.per01.wa.vocus.network', -34.88509489898244, 138.2465682314248, 7936, 'active'),
(506, 'be57.lsr01.brdg.nsw.vocus.network', -34.8764250116386, 148.81290343794316, 4564, 'active'),
(507, 'bundle-ether26.230btpr01.optus.net.au', -12.05906578112043, 130.662539254296, 4776, 'active'),
(508, 'be76.cor03.per01.wa.vocus.network', -35.67375441595305, 149.0225967279647, 4535, 'active'),
(509, 'syd-gls-har-crt60-be-223.tpg.com.au', -33.65354789438784, 150.71839015986473, 6690, 'active'),
(510, 'be15.cor03.syd11.nsw.vocus.network', -32.40429381217113, 115.92532573870179, 944, 'active'),
(511, 'syd-gls-har-crt71-be-379.tpg.com.au', -38.02645533367747, 145.3770060303894, 8184, 'active'),
(512, 'be78.lsr01.brdg.nsw.vocus.network', -34.44063868156628, 138.11178187270502, 3948, 'active'),
(513, 'be91.cor03.syd11.nsw.vocus.network', -33.906374716952044, 151.5914854902427, 6338, 'active'),
(514, 'lag94.sclarinte01.aapt.net.au', -34.780969446233165, 138.42254180302706, 4435, 'active'),
(515, 'syd-gls-har-wgw32-be-371.tpgi.com.au', -35.15223554656728, 138.5545277577018, 248, 'active'),
(516, 'syd-gls-har-wgw70-be-249.tpgi.com.au', -33.59447251444107, 150.95289447521242, 8575, 'active'),
(517, 'lag39.sclarinte01.aapt.net.au', -27.504288916419057, 153.09055969870695, 4863, 'active'),
(518, 'bundle-ether71.389btpr01.optus.net.au', -32.01567712721246, 115.48937544688108, 3873, 'active'),
(519, 'be99.lsr01.brdg.nsw.vocus.network', -43.35457982096147, 147.1861304835555, 3616, 'active'),
(520, 'be21.lsr01.brdg.nsw.vocus.network', -37.48696485153465, 145.2766823196745, 1480, 'active'),
(521, 'be53.cor03.syd11.nsw.vocus.network', -37.8456429850224, 144.54653333484427, 5736, 'active'),
(522, 'bundle-ether43.265btpr01.optus.net.au', -12.849140223453261, 130.66792996178182, 4142, 'active'),
(523, 'be42.cor03.per01.wa.vocus.network', -31.763489332850494, 115.65104016047722, 3320, 'active'),
(524, 'be79.cor03.syd11.nsw.vocus.network', -27.240971143545327, 152.90880872430068, 4825, 'active'),
(525, 'syd-gls-har-wgw79-be-217.tpgi.com.au', -38.29294844366317, 144.4758841238464, 6232, 'active'),
(526, 'lag68.sclarinte01.aapt.net.au', -32.23385637195713, 115.42088462692809, 219, 'active'),
(527, 'be56.lsr01.brdg.nsw.vocus.network', -37.63921463126549, 145.41553145107977, 9464, 'active'),
(528, 'bundle-ether73.123btpr01.optus.net.au', -42.872836919983556, 147.33623592288035, 4872, 'active'),
(529, 'be9.cor03.syd11.nsw.vocus.network', -33.49937608658077, 150.73134128682224, 802, 'active'),
(530, 'syd-gls-har-wgw31-be-126.tpgi.com.au', -34.92500070566944, 138.2208264846666, 2424, 'active'),
(531, 'syd-gls-har-crt77-be-396.tpg.com.au', -37.992715445447686, 145.06390456622043, 1184, 'active'),
(532, 'bundle-ether44.397btpr01.optus.net.au', -42.75739366739426, 147.3004399080212, 3183, 'active'),
(533, 'syd-gls-har-wgw100-be-143.tpgi.com.au', -33.58431357935141, 151.3572981335967, 7347, 'active'),
(534, 'bundle-ether75.211btpr01.optus.net.au', -33.415475079163556, 151.4822417535209, 5750, 'active'),
(535, 'syd-gls-har-wgw55-be-450.tpgi.com.au', -35.749818658751636, 149.18605731429452, 6097, 'active'),
(536, 'be33.lsr01.brdg.nsw.vocus.network', -37.708633997370306, 145.22584366708654, 4694, 'active'),
(537, 'syd-gls-har-wgw91-be-384.tpgi.com.au', -37.784867083135815, 144.65586597555236, 1911, 'active'),
(538, 'be92.lsr01.brdg.nsw.vocus.network', -37.60648675985531, 145.238645329746, 6483, 'active'),
(539, 'be43.lsr01.brdg.nsw.vocus.network', -31.603218858571648, 115.51673612583453, 1428, 'active'),
(540, 'lag84.sclarinte01.aapt.net.au', -34.3501460216489, 151.18528211387178, 9458, 'active'),
(541, 'bundle-ether83.250btpr01.optus.net.au', -38.026844873779986, 145.01108629021456, 2798, 'active'),
(542, 'be6.cor03.per01.wa.vocus.network', -38.106296581912574, 144.85751578641225, 1575, 'active'),
(543, 'syd-gls-har-crt34-be-423.tpg.com.au', -34.686690585815285, 138.4057104213484, 2657, 'active'),
(544, 'syd-gls-har-crt67-be-258.tpg.com.au', -38.30412920904293, 145.4245675521516, 5146, 'active'),
(545, 'bundle-ether9.209btpr01.optus.net.au', -34.51883311074936, 138.39769745687454, 4616, 'active'),
(546, 'be90.cor03.syd11.nsw.vocus.network', -33.94595313168522, 150.7169916874577, 4001, 'active'),
(547, 'bundle-ether54.344btpr01.optus.net.au', -27.26146505839767, 153.23309583517482, 7225, 'active'),
(548, 'lag67.sclarinte01.aapt.net.au', -33.622108292318586, 151.23995937634288, 7949, 'active'),
(549, 'lag65.sclarinte01.aapt.net.au', -37.52178145116872, 144.61635508569623, 7220, 'active'),
(550, 'bundle-ether79.209btpr01.optus.net.au', -33.4166365576168, 151.1253548335745, 3020, 'active'),
(551, 'be42.cor03.syd11.nsw.vocus.network', -12.680354777646633, 131.1028643842976, 9091, 'active'),
(552, 'be40.cor03.syd11.nsw.vocus.network', -12.129525892810674, 131.2837546331786, 6470, 'active'),
(553, 'be67.lsr01.brdg.nsw.vocus.network', -31.866066433686385, 115.68829747683061, 5936, 'active'),
(554, 'syd-gls-har-wgw42-be-318.tpgi.com.au', -27.55818296404083, 152.95230584480083, 2828, 'active'),
(555, 'be78.cor03.syd11.nsw.vocus.network', -38.19614763828343, 144.73624297396094, 897, 'active'),
(556, 'lag6.sclarinte01.aapt.net.au', -33.74347310120838, 151.51992017614248, 9138, 'active'),
(557, 'be11.cor03.per01.wa.vocus.network', -27.7972252636623, 152.57242279066637, 6345, 'active'),
(558, 'bundle-ether72.490btpr01.optus.net.au', -31.980750999774212, 116.20682160555349, 4655, 'active'),
(559, 'be56.cor03.syd11.nsw.vocus.network', -35.0382514863699, 138.79123621181233, 6527, 'active'),
(560, 'syd-gls-har-crt77-be-227.tpg.com.au', -42.8599729457361, 147.20810543245543, 1280, 'active'),
(561, 'syd-gls-har-wgw18-be-207.tpgi.com.au', -33.67067584941728, 151.2616768802694, 5544, 'active'),
(562, 'bundle-ether82.468btpr01.optus.net.au', -37.73367204840341, 145.29958381215508, 8331, 'active'),
(563, 'syd-gls-har-wgw37-be-437.tpgi.com.au', -33.52757917928159, 151.6045969532832, 3862, 'active'),
(564, 'syd-gls-har-wgw100-be-391.tpgi.com.au', -37.36335139983803, 144.61316239375887, 6751, 'active'),
(565, 'syd-gls-har-crt34-be-453.tpg.com.au', -12.852526649172411, 130.88745443390187, 6194, 'active'),
(566, 'be61.cor03.per01.wa.vocus.network', -34.909109790011286, 138.99229526593192, 1607, 'active'),
(567, 'be71.cor03.syd11.nsw.vocus.network', -37.34870739306517, 144.91369557502443, 6434, 'active'),
(568, 'bundle-ether28.452btpr01.optus.net.au', -42.88038608812682, 146.8804018994358, 6553, 'active'),
(569, 'syd-gls-har-crt5-be-263.tpg.com.au', -38.073084614397246, 145.05050814265883, 7798, 'active'),
(570, 'be22.cor03.syd11.nsw.vocus.network', -33.69254729176563, 151.53300516538212, 2842, 'active'),
(571, 'be75.lsr01.brdg.nsw.vocus.network', -33.97954812311225, 151.62997795607305, 7985, 'active'),
(572, 'be86.lsr01.brdg.nsw.vocus.network', -32.06040276540772, 115.45097579261513, 9939, 'active'),
(573, 'syd-gls-har-crt81-be-301.tpg.com.au', -35.292173939470636, 138.8960256894344, 9822, 'active'),
(574, 'be93.lsr01.brdg.nsw.vocus.network', -37.48788995210457, 145.4444357178925, 9265, 'active'),
(575, 'syd-gls-har-crt82-be-448.tpg.com.au', -35.0191301175422, 149.2127300130995, 6622, 'active'),
(576, 'be54.lsr01.brdg.nsw.vocus.network', -38.113574158021, 145.3578998859671, 8121, 'active'),
(577, 'bundle-ether13.428btpr01.optus.net.au', -27.238235055296492, 153.44625008497928, 1366, 'active'),
(578, 'be74.lsr01.brdg.nsw.vocus.network', -27.802194194829852, 153.071757494795, 7734, 'active'),
(579, 'lag91.sclarinte01.aapt.net.au', -32.0797601327386, 115.90900367427312, 8046, 'active'),
(580, 'be61.lsr01.brdg.nsw.vocus.network', -31.73194917312408, 115.39199455662839, 110, 'active'),
(581, 'syd-gls-har-crt21-be-170.tpg.com.au', -31.82842556340415, 115.8876609341341, 1803, 'active'),
(582, 'be16.cor03.per01.wa.vocus.network', -38.06462034397995, 144.52245486453242, 1143, 'active'),
(583, 'be56.cor03.syd11.nsw.vocus.network', -27.81707818459259, 153.25311650800242, 8140, 'active'),
(584, 'be27.cor03.syd11.nsw.vocus.network', -37.616261732475536, 145.28236840703724, 3737, 'active'),
(585, 'be90.cor03.per01.wa.vocus.network', -27.15774874258964, 153.444532509405, 4379, 'active'),
(586, 'bundle-ether2.488btpr01.optus.net.au', -33.47193897456801, 151.34370014175306, 9949, 'active'),
(587, 'be54.lsr01.brdg.nsw.vocus.network', -35.688462077443994, 149.62776554018333, 4193, 'active'),
(588, 'syd-gls-har-crt63-be-207.tpg.com.au', -33.86273689988932, 151.48669796756352, 7905, 'active'),
(589, 'be78.lsr01.brdg.nsw.vocus.network', -33.9900023962465, 151.27513297871232, 6508, 'active'),
(590, 'be60.lsr01.brdg.nsw.vocus.network', -34.07915214961526, 151.32611964966225, 5173, 'active'),
(591, 'bundle-ether56.392btpr01.optus.net.au', -33.72155090025716, 151.4278977891209, 4156, 'active'),
(592, 'syd-gls-har-wgw13-be-421.tpgi.com.au', -27.22014629572882, 153.26133423403704, 9328, 'active'),
(593, 'be51.cor03.per01.wa.vocus.network', -34.186505366139116, 151.7030535772766, 9853, 'active'),
(594, 'be23.cor03.per01.wa.vocus.network', -27.51555645596467, 152.5755892180076, 8506, 'active'),
(595, 'bundle-ether62.217btpr01.optus.net.au', -33.96230984982351, 151.52758698090935, 1816, 'active'),
(596, 'be90.cor03.per01.wa.vocus.network', -32.017289161414496, 115.49233236310329, 875, 'active'),
(597, 'bundle-ether37.486btpr01.optus.net.au', -12.064952614289927, 131.32346078993064, 1354, 'active'),
(598, 'be38.cor03.per01.wa.vocus.network', -12.08228551257616, 130.87295294536403, 9823, 'active'),
(599, 'syd-gls-har-wgw40-be-107.tpgi.com.au', -37.90962857242581, 145.45727230683377, 6156, 'active'),
(600, 'be2.cor03.syd11.nsw.vocus.network', -42.981068922337826, 146.89958256130257, 8121, 'active'),
(601, 'bundle-ether85.196btpr01.optus.net.au', -37.4332697701057, 144.62607857070157, 9917, 'active'),
(602, 'syd-gls-har-wgw92-be-160.tpgi.com.au', -27.630699263340066, 152.77002359653522, 2628, 'active'),
(603, 'syd-gls-har-wgw96-be-187.tpgi.com.au', -27.84036504183476, 152.92256972346107, 2264, 'active'),
(604, 'be96.lsr01.brdg.nsw.vocus.network', -35.16919450121345, 138.74319269773383, 2848, 'active'),
(605, 'lag53.sclarinte01.aapt.net.au', -27.56581205916915, 153.47634607586963, 5703, 'active'),
(606, 'be53.cor03.syd11.nsw.vocus.network', -42.82241518146376, 147.42967525011042, 8230, 'active'),
(607, 'syd-gls-har-crt83-be-263.tpg.com.au', -31.8200156610338, 115.95397703784577, 6801, 'active'),
(608, 'be8.cor03.per01.wa.vocus.network', -34.31255823563119, 151.67208545650752, 7545, 'active'),
(609, 'syd-gls-har-crt1-be-493.tpg.com.au', -33.46224871643245, 151.5089003260482, 1532, 'active'),
(610, 'bundle-ether55.253btpr01.optus.net.au', -34.05349999912922, 151.59826765212608, 3767, 'active'),
(611, 'be44.cor03.syd11.nsw.vocus.network', -12.460607600684188, 131.2457450538146, 3952, 'active'),
(612, 'be17.cor03.syd11.nsw.vocus.network', -35.69430397928602, 148.91876886296993, 469, 'active'),
(613, 'syd-gls-har-crt83-be-245.tpg.com.au', -27.627890203385483, 152.71293454829754, 341, 'active'),
(614, 'syd-gls-har-crt4-be-178.tpg.com.au', -27.446027662123957, 153.1311797940994, 7179, 'active'),
(615, 'bundle-ether84.366btpr01.optus.net.au', -27.25070337950567, 152.61323231258868, 3774, 'active'),
(616, 'be48.cor03.syd11.nsw.vocus.network', -12.167791419761176, 131.32615635357922, 3242, 'active'),
(617, 'be28.lsr01.brdg.nsw.vocus.network', -43.162550322794644, 147.44817790603685, 132, 'active'),
(618, 'syd-gls-har-crt83-be-114.tpg.com.au', -35.204508691645685, 138.42156353595837, 2051, 'active'),
(619, 'be51.cor03.per01.wa.vocus.network', -33.86429214967083, 151.68043795721718, 1340, 'active'),
(620, 'syd-gls-har-wgw76-be-100.tpgi.com.au', -33.93280282231359, 150.82524341979763, 4839, 'active'),
(621, 'be66.cor03.syd11.nsw.vocus.network', -34.98254288778355, 149.00436686462132, 9121, 'active'),
(622, 'be75.cor03.syd11.nsw.vocus.network', -33.76087428001407, 151.20148967923677, 5391, 'active'),
(623, 'bundle-ether92.477btpr01.optus.net.au', -27.84359343009596, 153.0709982779456, 1783, 'active'),
(624, 'syd-gls-har-wgw30-be-384.tpgi.com.au', -27.821592203364933, 152.73547335398436, 2087, 'active'),
(625, 'be51.lsr01.brdg.nsw.vocus.network', -27.708627548516436, 152.67676583310205, 4895, 'active'),
(626, 'be58.cor03.syd11.nsw.vocus.network', -12.884829869860512, 130.75732413319068, 4975, 'active'),
(627, 'bundle-ether6.263btpr01.optus.net.au', -33.99965329527856, 151.3205180105948, 6551, 'active'),
(628, 'be94.cor03.per01.wa.vocus.network', -31.527745590831756, 115.83446273019825, 3715, 'active'),
(629, 'syd-gls-har-wgw44-be-249.tpgi.com.au', -37.668055886930624, 145.28527616444052, 7548, 'active'),
(630, 'be39.cor03.syd11.nsw.vocus.network', -37.34019620721348, 144.68805853799898, 4364, 'active'),
(631, 'syd-gls-har-wgw81-be-168.tpgi.com.au', -37.65632813996163, 145.4505519033745, 4755, 'active'),
(632, 'be72.cor03.syd11.nsw.vocus.network', -27.534048280569547, 152.70543924266318, 9161, 'active'),
(633, 'syd-gls-har-crt99-be-296.tpg.com.au', -42.94818406603, 147.41491107570914, 5100, 'active'),
(634, 'be18.lsr01.brdg.nsw.vocus.network', -32.02125038578561, 115.59153691959995, 1692, 'active'),
(635, 'lag72.sclarinte01.aapt.net.au', -33.87698414953171, 150.78131766970304, 9028, 'active'),
(636, 'be3.cor03.per01.wa.vocus.network', -33.378327073421005, 151.032790686091, 1823, 'active'),
(637, 'bundle-ether3.114btpr01.optus.net.au', -27.490755654033606, 152.7744704462727, 1681, 'active'),
(638, 'be7.cor03.syd11.nsw.vocus.network', -34.771710154366694, 138.1097233084417, 5062, 'active'),
(639, 'be23.cor03.syd11.nsw.vocus.network', -38.27549628834055, 145.19775998742034, 2854, 'active'),
(640, 'be87.cor03.per01.wa.vocus.network', -33.98919477563811, 150.9411719548125, 6350, 'active'),
(641, 'be78.lsr01.brdg.nsw.vocus.network', -37.741744857913474, 144.7406503321853, 1023, 'active'),
(642, 'be96.cor03.syd11.nsw.vocus.network', -37.349132474569494, 145.23211019728782, 7151, 'active'),
(643, 'bundle-ether39.313btpr01.optus.net.au', -34.28483731301853, 151.16341968542753, 4692, 'active'),
(644, 'be58.cor03.per01.wa.vocus.network', -35.16521847250761, 138.62839226014717, 961, 'active'),
(645, 'bundle-ether30.266btpr01.optus.net.au', -37.964133126255376, 144.4744607260703, 5365, 'active'),
(646, 'syd-gls-har-crt8-be-214.tpg.com.au', -33.88934858419748, 150.84371166683314, 5821, 'active'),
(647, 'bundle-ether6.327btpr01.optus.net.au', -37.792601377660326, 144.95446523969534, 4054, 'active'),
(648, 'be16.cor03.per01.wa.vocus.network', -34.20070348038915, 151.35007341622082, 5835, 'active'),
(649, 'be53.lsr01.brdg.nsw.vocus.network', -38.21014861272999, 144.98112577740545, 9312, 'active'),
(650, 'be97.cor03.per01.wa.vocus.network', -12.1376372118816, 131.20256015074037, 3540, 'active'),
(651, 'be37.lsr01.brdg.nsw.vocus.network', -32.41573157777569, 116.08012941491079, 3520, 'active'),
(652, 'bundle-ether61.271btpr01.optus.net.au', -37.399071020740315, 145.09473222277222, 7634, 'active'),
(653, 'be75.cor03.syd11.nsw.vocus.network', -37.49723983542904, 144.5454969730293, 9783, 'active'),
(654, 'syd-gls-har-crt46-be-398.tpg.com.au', -27.535656245564947, 152.5516676014074, 9664, 'active'),
(655, 'syd-gls-har-crt98-be-307.tpg.com.au', -27.03730396894412, 152.57611560939847, 6985, 'active'),
(656, 'syd-gls-har-crt86-be-347.tpg.com.au', -34.81032002006326, 138.58375306948096, 4410, 'active'),
(657, 'bundle-ether84.300btpr01.optus.net.au', -34.20772102908652, 150.91479519802564, 3811, 'active'),
(658, 'be32.cor03.syd11.nsw.vocus.network', -34.205540444126186, 150.898403015757, 2305, 'active'),
(659, 'be4.cor03.per01.wa.vocus.network', -38.228739847567674, 144.77420264319352, 4451, 'active'),
(660, 'syd-gls-har-crt100-be-304.tpg.com.au', -27.212610774619268, 153.165217060086, 4813, 'active'),
(661, 'be25.cor03.syd11.nsw.vocus.network', -35.38283740700676, 149.26678905298195, 6222, 'active'),
(662, 'be12.cor03.syd11.nsw.vocus.network', -34.06747149084897, 151.44046919116963, 9143, 'active'),
(663, 'syd-gls-har-crt10-be-296.tpg.com.au', -34.891664215617645, 148.93874832171025, 7497, 'active'),
(664, 'be40.cor03.per01.wa.vocus.network', -27.453879990576954, 153.06409342767228, 4730, 'active'),
(665, 'syd-gls-har-wgw64-be-279.tpgi.com.au', -33.73597828688528, 151.21606083843224, 9869, 'active'),
(666, 'syd-gls-har-wgw54-be-281.tpgi.com.au', -34.62391269010625, 138.61551996529488, 6535, 'active'),
(667, 'be33.cor03.per01.wa.vocus.network', -27.358449588548485, 152.98728855591813, 6193, 'active'),
(668, 'be8.lsr01.brdg.nsw.vocus.network', -27.377068125104888, 153.52081945071507, 7203, 'active'),
(669, 'be77.cor03.syd11.nsw.vocus.network', -33.50946494722066, 151.32907101430513, 7391, 'active'),
(670, 'syd-gls-har-crt52-be-343.tpg.com.au', -12.89595002992985, 131.27124403890818, 7809, 'active'),
(671, 'be36.cor03.syd11.nsw.vocus.network', -34.21679932893262, 150.8829996000138, 2133, 'active'),
(672, 'be87.cor03.per01.wa.vocus.network', -37.962172486864674, 144.89380536701486, 6785, 'active'),
(673, 'lag86.sclarinte01.aapt.net.au', -33.446244549744854, 151.58676909144697, 1890, 'active'),
(674, 'syd-gls-har-crt71-be-181.tpg.com.au', -27.38932449606844, 152.85590786549798, 5731, 'active'),
(675, 'be75.cor03.per01.wa.vocus.network', -31.84002351174084, 116.1230753669884, 6596, 'active'),
(676, 'be92.cor03.syd11.nsw.vocus.network', -37.362149742712006, 145.2562417647914, 2159, 'active'),
(677, 'lag81.sclarinte01.aapt.net.au', -38.11742181662485, 144.64019946445097, 9526, 'active'),
(678, 'syd-gls-har-crt66-be-390.tpg.com.au', -27.296803152450952, 153.4297636211513, 7598, 'active'),
(679, 'lag30.sclarinte01.aapt.net.au', -35.077813900798986, 149.16871435088257, 8500, 'active'),
(680, 'syd-gls-har-crt4-be-395.tpg.com.au', -32.01993607730198, 116.10733542035992, 2671, 'active'),
(681, 'lag56.sclarinte01.aapt.net.au', -27.171922823308815, 153.07343289078307, 2620, 'active'),
(682, 'syd-gls-har-wgw23-be-235.tpgi.com.au', -27.286456172828174, 152.89122514298842, 1740, 'active'),
(683, 'bundle-ether94.486btpr01.optus.net.au', -27.346680425149426, 153.19780119666817, 7565, 'active'),
(684, 'syd-gls-har-crt20-be-389.tpg.com.au', -35.66914700205376, 149.29284134783305, 188, 'active'),
(685, 'be70.cor03.per01.wa.vocus.network', -33.81652084957579, 151.57426234806968, 4170, 'active'),
(686, 'syd-gls-har-wgw78-be-407.tpgi.com.au', -27.637291161641162, 153.02476741791855, 4647, 'active'),
(687, 'lag42.sclarinte01.aapt.net.au', -37.91982989575982, 144.73438734010463, 3833, 'active'),
(688, 'bundle-ether16.335btpr01.optus.net.au', -35.14695568840761, 139.002388101624, 7710, 'active'),
(689, 'be64.cor03.per01.wa.vocus.network', -34.489069622169254, 138.73046262521095, 5683, 'active'),
(690, 'syd-gls-har-crt69-be-175.tpg.com.au', -37.828352211013225, 144.62288797608082, 7298, 'active'),
(691, 'be93.lsr01.brdg.nsw.vocus.network', -37.32648582988308, 145.15652232426643, 4460, 'active'),
(692, 'be45.lsr01.brdg.nsw.vocus.network', -27.37656119287809, 153.39137497596622, 1114, 'active'),
(693, 'syd-gls-har-crt49-be-248.tpg.com.au', -37.6332964522726, 145.18540782622114, 1904, 'active'),
(694, 'syd-gls-har-wgw73-be-452.tpgi.com.au', -31.707390577643412, 115.69585498721197, 3424, 'active'),
(695, 'be76.cor03.syd11.nsw.vocus.network', -33.54603765769892, 151.24592692239383, 395, 'active'),
(696, 'syd-gls-har-crt42-be-264.tpg.com.au', -42.65007237359804, 146.8949469777974, 147, 'active'),
(697, 'be75.lsr01.brdg.nsw.vocus.network', -37.7983185676096, 144.68844624115638, 4718, 'active'),
(698, 'lag4.sclarinte01.aapt.net.au', -37.79086251305135, 144.89700923719852, 5551, 'active'),
(699, 'be31.lsr01.brdg.nsw.vocus.network', -34.286640744303554, 151.6379888898453, 8610, 'active'),
(700, 'be77.cor03.per01.wa.vocus.network', -34.560718931217146, 138.414828094463, 8972, 'active'),
(701, 'syd-gls-har-crt21-be-240.tpg.com.au', -37.484797541497336, 145.45511736181984, 753, 'active'),
(702, 'syd-gls-har-crt62-be-385.tpg.com.au', -37.977429291672266, 144.46680688678927, 6911, 'active'),
(703, 'lag53.sclarinte01.aapt.net.au', -37.43618857632244, 145.4178212322518, 5294, 'active'),
(704, 'be98.lsr01.brdg.nsw.vocus.network', -31.742471366330314, 115.71518248930282, 2919, 'active'),
(705, 'syd-gls-har-crt48-be-498.tpg.com.au', -34.87903155082708, 138.96617195109266, 3868, 'active'),
(706, 'bundle-ether44.107btpr01.optus.net.au', -33.75705446169033, 151.32023115736703, 2150, 'active'),
(707, 'syd-gls-har-crt72-be-121.tpg.com.au', -38.18072779481807, 144.91656193392984, 7369, 'active'),
(708, 'be41.lsr01.brdg.nsw.vocus.network', -38.016215564755925, 144.7192843727372, 7286, 'active'),
(709, 'be70.lsr01.brdg.nsw.vocus.network', -37.9174570810181, 144.61253549751274, 6456, 'active'),
(710, 'lag59.sclarinte01.aapt.net.au', -34.041749818922355, 151.4367765090714, 6611, 'active'),
(711, 'syd-gls-har-wgw86-be-381.tpgi.com.au', -37.396163493292065, 145.36155342601074, 6283, 'active'),
(712, 'syd-gls-har-wgw9-be-202.tpgi.com.au', -27.15614916877564, 153.2146782267901, 1131, 'active'),
(713, 'be14.cor03.syd11.nsw.vocus.network', -34.46824672113379, 138.9080272623171, 2553, 'active'),
(714, 'be83.cor03.per01.wa.vocus.network', -37.68102312850652, 145.3248996096147, 593, 'active'),
(715, 'syd-gls-har-wgw57-be-146.tpgi.com.au', -37.45190120425385, 144.75442350003627, 8609, 'active'),
(716, 'bundle-ether77.421btpr01.optus.net.au', -33.50688338543799, 151.3971752206624, 117, 'active'),
(717, 'be29.lsr01.brdg.nsw.vocus.network', -37.60000240499395, 145.36427138541225, 4843, 'active'),
(718, 'syd-gls-har-crt59-be-431.tpg.com.au', -37.57368455956665, 144.7472104546669, 2827, 'active'),
(719, 'lag69.sclarinte01.aapt.net.au', -42.968898351412996, 147.3794428614931, 4106, 'active'),
(720, 'be15.lsr01.brdg.nsw.vocus.network', -27.12536601018479, 152.98735287203314, 5230, 'active'),
(721, 'be64.cor03.syd11.nsw.vocus.network', -38.2152322299362, 145.4015618993343, 9034, 'active'),
(722, 'bundle-ether49.184btpr01.optus.net.au', -27.460404989545754, 152.9137517392603, 1911, 'active'),
(723, 'be25.cor03.per01.wa.vocus.network', -27.662894651289328, 153.1725747545346, 2667, 'active'),
(724, 'syd-gls-har-crt86-be-147.tpg.com.au', -37.363950902477136, 144.81338845306053, 3513, 'active'),
(725, 'be36.cor03.per01.wa.vocus.network', -37.623762164070385, 145.0221335477968, 8952, 'active'),
(726, 'be54.cor03.per01.wa.vocus.network', -34.0279421269325, 151.3156082073413, 5441, 'active'),
(727, 'syd-gls-har-wgw20-be-237.tpgi.com.au', -37.62869643969497, 144.76820980917077, 7095, 'active'),
(728, 'be46.cor03.per01.wa.vocus.network', -12.553091498628493, 131.17011533716945, 6170, 'active'),
(729, 'syd-gls-har-wgw25-be-476.tpgi.com.au', -34.28534956745555, 151.02832644100866, 3294, 'active'),
(730, 'lag40.sclarinte01.aapt.net.au', -34.350188127696676, 150.75609039277342, 3293, 'active'),
(731, 'syd-gls-har-crt97-be-188.tpg.com.au', -27.470231647181908, 153.40398838518604, 9319, 'active'),
(732, 'lag39.sclarinte01.aapt.net.au', -12.346874948531253, 130.84389937013398, 379, 'active'),
(733, 'syd-gls-har-wgw71-be-462.tpgi.com.au', -37.79023410030795, 145.3942181194753, 7653, 'active'),
(734, 'lag77.sclarinte01.aapt.net.au', -27.814419267551486, 153.34141953834856, 7945, 'active'),
(735, 'be87.cor03.per01.wa.vocus.network', -34.638667951537805, 138.1672949298133, 8331, 'active'),
(736, 'lag15.sclarinte01.aapt.net.au', -42.91318070464481, 147.26747773030365, 3150, 'active'),
(737, 'bundle-ether45.214btpr01.optus.net.au', -27.937680591342094, 153.34760993551052, 8659, 'active'),
(738, 'lag12.sclarinte01.aapt.net.au', -31.99204676623559, 115.6621031189677, 4867, 'active'),
(739, 'syd-gls-har-crt34-be-117.tpg.com.au', -33.566868815187746, 151.42908025599868, 9745, 'active'),
(740, 'lag39.sclarinte01.aapt.net.au', -33.7970692249645, 151.41707512509234, 3363, 'active'),
(741, 'be47.lsr01.brdg.nsw.vocus.network', -27.883260122044273, 153.27475981066095, 1264, 'active'),
(742, 'be70.cor03.syd11.nsw.vocus.network', -37.817651552772766, 145.00047424463398, 1315, 'active'),
(743, 'syd-gls-har-wgw83-be-227.tpgi.com.au', -34.03642537925659, 151.21066463504292, 4314, 'active'),
(744, 'syd-gls-har-wgw71-be-153.tpgi.com.au', -32.05946934886151, 116.17834943160447, 306, 'active'),
(745, 'syd-gls-har-crt16-be-474.tpg.com.au', -42.41294106874544, 147.61424266683198, 4079, 'active'),
(746, 'be95.lsr01.brdg.nsw.vocus.network', -27.297138304660884, 152.68128378036747, 1490, 'active'),
(747, 'bundle-ether79.265btpr01.optus.net.au', -37.51177156250398, 144.6719153704315, 5924, 'active'),
(748, 'be72.cor03.syd11.nsw.vocus.network', -35.49643313562883, 148.7852361055926, 457, 'active'),
(749, 'lag10.sclarinte01.aapt.net.au', -34.07584479299556, 151.02324797406024, 3969, 'active'),
(750, 'syd-gls-har-crt61-be-121.tpg.com.au', -33.699298695233345, 151.66672408924916, 115, 'active'),
(751, 'be82.lsr01.brdg.nsw.vocus.network', -34.461304361275864, 138.89383286813703, 8397, 'active'),
(752, 'lag50.sclarinte01.aapt.net.au', -27.642013385522983, 152.962643942025, 435, 'active'),
(753, 'bundle-ether20.122btpr01.optus.net.au', -12.018552488725387, 131.03836553186366, 9952, 'active'),
(754, 'syd-gls-har-wgw4-be-409.tpgi.com.au', -12.416013013576523, 130.79919111853044, 2511, 'active'),
(755, 'syd-gls-har-crt35-be-121.tpg.com.au', -12.36642314407528, 131.30209647944756, 2576, 'active'),
(756, 'lag68.sclarinte01.aapt.net.au', -37.627262869285964, 145.0195572072726, 959, 'active'),
(757, 'be60.lsr01.brdg.nsw.vocus.network', -12.501507229730606, 130.7406401858285, 2554, 'active'),
(758, 'bundle-ether2.250btpr01.optus.net.au', -42.807619463924745, 146.93128810301405, 5446, 'active'),
(759, 'syd-gls-har-crt10-be-352.tpg.com.au', -38.28807539347564, 144.95646142590786, 9475, 'active'),
(760, 'be67.cor03.syd11.nsw.vocus.network', -35.458082775996516, 149.17841475604277, 5347, 'active'),
(761, 'bundle-ether42.132btpr01.optus.net.au', -35.08274812657848, 138.6052291697549, 9419, 'active'),
(762, 'bundle-ether10.151btpr01.optus.net.au', -35.352306843762555, 138.81976100921113, 5938, 'active'),
(763, 'be25.cor03.per01.wa.vocus.network', -33.6406760282024, 150.9236707114788, 4482, 'active'),
(764, 'syd-gls-har-wgw77-be-230.tpgi.com.au', -34.51422417321233, 138.86074242137911, 6431, 'active'),
(765, 'bundle-ether72.404btpr01.optus.net.au', -38.035787074728766, 144.80736764256525, 6358, 'active'),
(766, 'bundle-ether33.467btpr01.optus.net.au', -33.867074539946444, 151.09750668284514, 7543, 'active'),
(767, 'be27.cor03.per01.wa.vocus.network', -35.07640907192052, 138.556749696326, 6885, 'active'),
(768, 'syd-gls-har-wgw28-be-314.tpgi.com.au', -35.27259675834903, 138.30937218870667, 2773, 'active'),
(769, 'be98.lsr01.brdg.nsw.vocus.network', -37.52591699816743, 144.54432594102892, 6022, 'active'),
(770, 'lag29.sclarinte01.aapt.net.au', -31.779550292938715, 115.47633241848422, 9478, 'active'),
(771, 'syd-gls-har-crt25-be-313.tpg.com.au', -34.22944026098802, 150.87001859412604, 805, 'active'),
(772, 'syd-gls-har-wgw3-be-393.tpgi.com.au', -32.350110909287004, 115.4736769881345, 3337, 'active'),
(773, 'be76.cor03.syd11.nsw.vocus.network', -34.43742508362637, 138.92870700681746, 8938, 'active'),
(774, 'bundle-ether41.447btpr01.optus.net.au', -27.909084777358306, 152.73336332995945, 4474, 'active'),
(775, 'lag93.sclarinte01.aapt.net.au', -35.32922301974144, 138.13194105248317, 5516, 'active'),
(776, 'be80.cor03.per01.wa.vocus.network', -35.18439280618923, 148.70323885192363, 5647, 'active'),
(777, 'syd-gls-har-crt31-be-466.tpg.com.au', -27.859133185784778, 152.53026264675668, 4852, 'active'),
(778, 'be21.cor03.syd11.nsw.vocus.network', -27.757928232268025, 152.60361510770684, 8719, 'active'),
(779, 'lag100.sclarinte01.aapt.net.au', -37.49235021103168, 144.84597559682445, 6515, 'active'),
(780, 'bundle-ether36.483btpr01.optus.net.au', -34.434610656801524, 138.3857752417, 3847, 'active'),
(781, 'be79.cor03.per01.wa.vocus.network', -35.27536409274567, 138.41324151796874, 4188, 'active'),
(782, 'bundle-ether11.474btpr01.optus.net.au', -38.15365421933046, 144.51134223396272, 7820, 'active'),
(783, 'syd-gls-har-crt27-be-327.tpg.com.au', -27.962152304600025, 153.42834758954902, 3434, 'active'),
(784, 'lag62.sclarinte01.aapt.net.au', -34.6036578928124, 139.03844317447778, 260, 'active'),
(785, 'be73.lsr01.brdg.nsw.vocus.network', -32.41627206173983, 115.8241566878081, 4120, 'active'),
(786, 'lag56.sclarinte01.aapt.net.au', -37.65011667900746, 145.3014318222909, 2366, 'active'),
(787, 'lag15.sclarinte01.aapt.net.au', -35.3265009262359, 138.2899334900613, 923, 'active'),
(788, 'be88.cor03.syd11.nsw.vocus.network', -34.33831244742506, 151.52014122018096, 7742, 'active'),
(789, 'be64.cor03.per01.wa.vocus.network', -43.013329112711425, 147.1051890562833, 9755, 'active'),
(790, 'be4.lsr01.brdg.nsw.vocus.network', -37.92084768352265, 144.7170224977848, 4350, 'active'),
(791, 'lag73.sclarinte01.aapt.net.au', -37.46579694078476, 145.12259581316277, 9329, 'active'),
(792, 'be17.lsr01.brdg.nsw.vocus.network', -33.54375511529701, 151.56384424032493, 9845, 'active'),
(793, 'syd-gls-har-wgw9-be-147.tpgi.com.au', -37.73963665164215, 144.9011819887284, 5990, 'active'),
(794, 'syd-gls-har-crt84-be-376.tpg.com.au', -35.03758235771302, 139.0636174207928, 1097, 'active'),
(795, 'syd-gls-har-wgw97-be-331.tpgi.com.au', -27.304128817531364, 153.1887408026426, 5197, 'active'),
(796, 'bundle-ether27.147btpr01.optus.net.au', -33.79334940468996, 151.5823997283913, 1800, 'active'),
(797, 'be73.lsr01.brdg.nsw.vocus.network', -35.218184457751114, 138.9506588537485, 8256, 'active'),
(798, 'be56.cor03.syd11.nsw.vocus.network', -34.94019041670985, 138.43267972001493, 6009, 'active'),
(799, 'be86.lsr01.brdg.nsw.vocus.network', -34.84811122151949, 149.45104562270578, 9938, 'active'),
(800, 'be36.cor03.syd11.nsw.vocus.network', -34.05184838094821, 151.30949697642123, 9106, 'active'),
(801, 'syd-gls-har-crt44-be-133.tpg.com.au', -34.492890034202354, 138.88522423896578, 8786, 'active'),
(802, 'bundle-ether92.397btpr01.optus.net.au', -33.693190829367666, 150.791676246332, 6682, 'active'),
(803, 'be47.cor03.per01.wa.vocus.network', -34.447702515153324, 138.43779154028636, 9189, 'active'),
(804, 'syd-gls-har-wgw86-be-473.tpgi.com.au', -34.219146101709185, 151.02500415158963, 8499, 'active'),
(805, 'syd-gls-har-wgw99-be-128.tpgi.com.au', -31.741197301656662, 115.63023824968951, 1525, 'active'),
(806, 'lag88.sclarinte01.aapt.net.au', -27.247721440824748, 152.68664468095648, 2086, 'active'),
(807, 'syd-gls-har-wgw36-be-471.tpgi.com.au', -37.39758782931874, 144.98834611701744, 7607, 'active'),
(808, 'be6.lsr01.brdg.nsw.vocus.network', -37.35441670754169, 145.25583067668745, 6307, 'active'),
(809, 'be35.lsr01.brdg.nsw.vocus.network', -27.156834790320254, 152.69983688074768, 6197, 'active'),
(810, 'syd-gls-har-wgw39-be-437.tpgi.com.au', -34.16170773499624, 150.9134560017945, 839, 'active'),
(811, 'be20.cor03.per01.wa.vocus.network', -27.348079998344964, 152.70730429704136, 1979, 'active'),
(812, 'lag30.sclarinte01.aapt.net.au', -27.760151539094316, 152.73035130189274, 5473, 'active'),
(813, 'be70.cor03.per01.wa.vocus.network', -37.60701184624286, 144.48903666428328, 4583, 'active'),
(814, 'be25.cor03.syd11.nsw.vocus.network', -27.36587077736503, 152.88322980536066, 9374, 'active'),
(815, 'syd-gls-har-crt49-be-218.tpg.com.au', -37.46278404942864, 144.71930513473976, 806, 'active'),
(816, 'be2.lsr01.brdg.nsw.vocus.network', -37.94903863278297, 145.19401608462604, 7729, 'active'),
(817, 'syd-gls-har-crt25-be-275.tpg.com.au', -27.39131253957931, 153.40160868753597, 4529, 'active'),
(818, 'be9.cor03.per01.wa.vocus.network', -43.070374505124434, 147.7262688871489, 4353, 'active'),
(819, 'be91.cor03.syd11.nsw.vocus.network', -27.090363503224285, 153.43454160183975, 9501, 'active'),
(820, 'bundle-ether71.390btpr01.optus.net.au', -35.10588702342075, 138.93850457512104, 9779, 'active'),
(821, 'bundle-ether84.371btpr01.optus.net.au', -34.113177657591805, 151.64460913016543, 5821, 'active'),
(822, 'syd-gls-har-wgw43-be-394.tpgi.com.au', -27.92778120295358, 153.19383046372576, 7729, 'active'),
(823, 'syd-gls-har-wgw91-be-300.tpgi.com.au', -35.27379372991794, 149.10328885844646, 4788, 'active'),
(824, 'bundle-ether60.401btpr01.optus.net.au', -33.878768052105336, 151.24924726498514, 6451, 'active'),
(825, 'be69.cor03.syd11.nsw.vocus.network', -32.14267832204523, 116.10393595711517, 8528, 'active'),
(826, 'be58.lsr01.brdg.nsw.vocus.network', -33.49613491696495, 151.53703566020675, 7897, 'active'),
(827, 'syd-gls-har-crt96-be-469.tpg.com.au', -35.0796853271675, 148.9405132661085, 4451, 'active'),
(828, 'lag90.sclarinte01.aapt.net.au', -27.26556089033139, 153.34634167145884, 8809, 'active'),
(829, 'bundle-ether69.118btpr01.optus.net.au', -27.758563281659114, 152.79770645426876, 846, 'active'),
(830, 'syd-gls-har-crt38-be-455.tpg.com.au', -34.88633191079017, 149.44974031817395, 9361, 'active'),
(831, 'bundle-ether2.455btpr01.optus.net.au', -27.670366473970645, 152.60898326453807, 5872, 'active'),
(832, 'bundle-ether55.466btpr01.optus.net.au', -27.081693742598816, 152.56779682484154, 9279, 'active'),
(833, 'bundle-ether61.299btpr01.optus.net.au', -27.865575170546787, 153.2949930511909, 7587, 'active'),
(834, 'lag99.sclarinte01.aapt.net.au', -27.652746926879058, 153.1812838376895, 9769, 'active'),
(835, 'syd-gls-har-crt88-be-238.tpg.com.au', -33.865038941963434, 151.52959364252558, 1673, 'active'),
(836, 'syd-gls-har-crt61-be-315.tpg.com.au', -43.03705083229399, 147.5329807551502, 7908, 'active'),
(837, 'be89.lsr01.brdg.nsw.vocus.network', -38.16074278873037, 145.4358934548153, 5323, 'active'),
(838, 'bundle-ether54.209btpr01.optus.net.au', -38.11296702851867, 144.77772690617005, 2393, 'active'),
(839, 'be88.cor03.per01.wa.vocus.network', -37.84895273926686, 145.0187429582396, 9687, 'active'),
(840, 'syd-gls-har-crt58-be-317.tpg.com.au', -34.53770531476786, 138.89673984662616, 4223, 'active'),
(841, 'syd-gls-har-crt27-be-262.tpg.com.au', -27.915967714813636, 153.32913200735368, 5314, 'active'),
(842, 'syd-gls-har-wgw29-be-335.tpgi.com.au', -35.0537929337706, 138.50381588465223, 5874, 'active'),
(843, 'syd-gls-har-crt6-be-322.tpg.com.au', -35.28750060534531, 138.94402744113754, 4011, 'active'),
(844, 'syd-gls-har-wgw53-be-357.tpgi.com.au', -34.69369859042558, 138.46002167412368, 5522, 'active'),
(845, 'syd-gls-har-wgw26-be-405.tpgi.com.au', -12.923141730974182, 130.9427064390122, 8198, 'active'),
(846, 'syd-gls-har-crt29-be-229.tpg.com.au', -34.57491424752001, 138.53832281226718, 1673, 'active'),
(847, 'be82.cor03.per01.wa.vocus.network', -27.136694981224693, 153.33380579950824, 9332, 'active'),
(848, 'be51.lsr01.brdg.nsw.vocus.network', -38.03503474874724, 145.2179185740956, 6950, 'active'),
(849, 'syd-gls-har-crt31-be-323.tpg.com.au', -32.1277916872927, 115.98105827590055, 2217, 'active'),
(850, 'bundle-ether7.334btpr01.optus.net.au', -33.49659394622527, 150.88900523308365, 2889, 'active'),
(851, 'syd-gls-har-wgw28-be-364.tpgi.com.au', -34.566439439479616, 138.68737510393606, 1814, 'active'),
(852, 'be100.lsr01.brdg.nsw.vocus.network', -35.70381447513519, 149.1652616374715, 5115, 'active'),
(853, 'syd-gls-har-crt57-be-375.tpg.com.au', -27.899984323290724, 153.1458041507929, 4402, 'active'),
(854, 'be47.cor03.per01.wa.vocus.network', -37.85503554720692, 144.56286978682974, 1176, 'active'),
(855, 'syd-gls-har-crt42-be-149.tpg.com.au', -34.10428278088869, 151.61696773346617, 2033, 'active'),
(856, 'be22.cor03.syd11.nsw.vocus.network', -12.217634316707153, 130.64205314781714, 947, 'active'),
(857, 'bundle-ether74.309btpr01.optus.net.au', -37.990201462049754, 145.00284311916445, 884, 'active'),
(858, 'be41.lsr01.brdg.nsw.vocus.network', -32.2714739553469, 115.97593137115025, 4940, 'active'),
(859, 'lag44.sclarinte01.aapt.net.au', -27.453643827361084, 152.72777459405123, 7038, 'active'),
(860, 'syd-gls-har-wgw8-be-433.tpgi.com.au', -34.55679555771252, 138.22470604068678, 4951, 'active'),
(861, 'lag41.sclarinte01.aapt.net.au', -31.498547766795138, 116.16327931870785, 6913, 'active'),
(862, 'syd-gls-har-crt68-be-189.tpg.com.au', -31.87640040133585, 115.43003984946832, 2290, 'active'),
(863, 'bundle-ether52.228btpr01.optus.net.au', -37.58695086369643, 145.00321085143466, 1254, 'active'),
(864, 'be80.cor03.syd11.nsw.vocus.network', -38.246736644466424, 144.6734179705729, 8610, 'active'),
(865, 'be62.cor03.syd11.nsw.vocus.network', -35.627677792933554, 149.29975089753387, 8345, 'active'),
(866, 'be8.lsr01.brdg.nsw.vocus.network', -34.23914558243404, 150.79384570681475, 4427, 'active'),
(867, 'bundle-ether35.364btpr01.optus.net.au', -27.00130324271464, 152.75934938064086, 273, 'active'),
(868, 'be97.cor03.per01.wa.vocus.network', -34.73409070124399, 138.87053215563634, 4401, 'active'),
(869, 'be36.cor03.syd11.nsw.vocus.network', -37.505834808953495, 144.8775137688375, 2827, 'active'),
(870, 'be22.cor03.syd11.nsw.vocus.network', -27.909603956961515, 152.59697963991823, 9098, 'active'),
(871, 'syd-gls-har-wgw24-be-121.tpgi.com.au', -37.653882171211585, 145.35410602161704, 4967, 'active'),
(872, 'be31.cor03.syd11.nsw.vocus.network', -37.99252836933673, 144.64934870301437, 3667, 'active'),
(873, 'be73.cor03.per01.wa.vocus.network', -37.52030795822406, 144.51125944020063, 7186, 'active'),
(874, 'syd-gls-har-wgw5-be-351.tpgi.com.au', -33.8605377357676, 151.32181435233343, 2642, 'active'),
(875, 'be2.cor03.syd11.nsw.vocus.network', -38.17576193700073, 144.8318670511649, 9526, 'active'),
(876, 'lag72.sclarinte01.aapt.net.au', -33.51833152856907, 150.712957955851, 2580, 'active'),
(877, 'be29.cor03.syd11.nsw.vocus.network', -33.38204780105839, 151.26634510744023, 5691, 'active'),
(878, 'bundle-ether1.115btpr01.optus.net.au', -27.195654171600957, 153.48495298771783, 6080, 'active'),
(879, 'be33.cor03.per01.wa.vocus.network', -33.678092748790284, 150.88331360106844, 5059, 'active'),
(880, 'lag17.sclarinte01.aapt.net.au', -11.971316842865978, 130.47440758259785, 1080, 'active'),
(881, 'syd-gls-har-wgw45-be-384.tpgi.com.au', -33.77201167358566, 151.64407389293436, 9426, 'active'),
(882, 'lag28.sclarinte01.aapt.net.au', -27.624591607923023, 153.39772106970253, 7499, 'active'),
(883, 'be44.cor03.syd11.nsw.vocus.network', -34.82135978598387, 138.55520096361448, 6844, 'active'),
(884, 'be98.cor03.syd11.nsw.vocus.network', -34.70495516633769, 138.8468910382566, 3131, 'active'),
(885, 'syd-gls-har-crt60-be-497.tpg.com.au', -27.462079097647024, 153.2142206764678, 6400, 'active'),
(886, 'bundle-ether43.219btpr01.optus.net.au', -27.038011929945704, 153.4264101257034, 5135, 'active'),
(887, 'be59.cor03.per01.wa.vocus.network', -34.224361688068214, 151.59702517833804, 9992, 'active'),
(888, 'lag60.sclarinte01.aapt.net.au', -34.92977922567258, 138.70404141623945, 8644, 'active'),
(889, 'syd-gls-har-wgw14-be-108.tpgi.com.au', -37.8110166705616, 144.55350636451905, 3744, 'active'),
(890, 'bundle-ether38.498btpr01.optus.net.au', -33.71451427458116, 151.35578474217485, 2053, 'active'),
(891, 'lag82.sclarinte01.aapt.net.au', -27.518045886750482, 153.34801822024556, 6202, 'active'),
(892, 'syd-gls-har-crt100-be-130.tpg.com.au', -37.5179539775423, 145.22108119766838, 8879, 'active'),
(893, 'syd-gls-har-crt48-be-362.tpg.com.au', -27.279717214743876, 152.73070902902032, 7448, 'active'),
(894, 'be21.cor03.per01.wa.vocus.network', -33.50255490374006, 151.45648273705297, 2882, 'active'),
(895, 'be74.cor03.per01.wa.vocus.network', -31.68865344658162, 115.66387947358538, 7924, 'active'),
(896, 'be65.cor03.syd11.nsw.vocus.network', -27.185237557159237, 152.66729202687932, 8341, 'active'),
(897, 'be77.lsr01.brdg.nsw.vocus.network', -27.109343037820725, 152.75484366492518, 4092, 'active'),
(898, 'be4.lsr01.brdg.nsw.vocus.network', -35.397341957086496, 138.54881462967663, 8187, 'active'),
(899, 'lag7.sclarinte01.aapt.net.au', -34.93497534077318, 138.10411427128943, 3762, 'active'),
(900, 'syd-gls-har-crt48-be-109.tpg.com.au', -34.952615332280395, 148.89618587774694, 6114, 'active'),
(901, 'syd-gls-har-crt37-be-355.tpg.com.au', -38.137735401622415, 144.77414194892214, 7270, 'active'),
(902, 'syd-gls-har-wgw12-be-259.tpgi.com.au', -33.45721144091148, 151.200715962749, 7218, 'active'),
(903, 'lag79.sclarinte01.aapt.net.au', -37.322619333033806, 145.07088924192925, 2398, 'active'),
(904, 'syd-gls-har-wgw97-be-220.tpgi.com.au', -27.05360794468126, 153.19749694593125, 8242, 'active'),
(905, 'syd-gls-har-wgw26-be-282.tpgi.com.au', -31.893256845876753, 116.30885774907154, 207, 'active'),
(906, 'be40.cor03.per01.wa.vocus.network', -27.631905501559434, 152.79281414472183, 850, 'active'),
(907, 'syd-gls-har-wgw26-be-136.tpgi.com.au', -31.710313609357, 116.2687490846228, 683, 'active'),
(908, 'syd-gls-har-crt39-be-471.tpg.com.au', -27.764412500100402, 152.5904265946076, 7783, 'active'),
(909, 'be81.lsr01.brdg.nsw.vocus.network', -33.7289479160181, 151.28373348018673, 1622, 'active'),
(910, 'bundle-ether88.235btpr01.optus.net.au', -27.484234930034823, 152.6823017759398, 8312, 'active'),
(911, 'be49.cor03.syd11.nsw.vocus.network', -37.431719839036866, 144.84164484047636, 7660, 'active'),
(912, 'syd-gls-har-wgw80-be-392.tpgi.com.au', -27.329136384186576, 153.1875593951291, 2312, 'active'),
(913, 'syd-gls-har-crt63-be-374.tpg.com.au', -27.3755044004769, 152.9234854228288, 5824, 'active'),
(914, 'be63.cor03.syd11.nsw.vocus.network', -27.727656630002645, 153.37180954483117, 6406, 'active'),
(915, 'be36.cor03.per01.wa.vocus.network', -33.46145112757809, 150.843172995495, 9811, 'active'),
(916, 'bundle-ether79.117btpr01.optus.net.au', -35.29626865618097, 138.61062819381698, 7797, 'active'),
(917, 'be49.cor03.syd11.nsw.vocus.network', -33.83557251652443, 151.42147146692082, 7312, 'active'),
(918, 'bundle-ether78.215btpr01.optus.net.au', -35.27745353328491, 149.29219581743925, 938, 'active'),
(919, 'bundle-ether75.132btpr01.optus.net.au', -34.12897814821352, 150.8798736063568, 9935, 'active'),
(920, 'lag2.sclarinte01.aapt.net.au', -34.28984175057305, 150.88117090829175, 9601, 'active'),
(921, 'bundle-ether22.452btpr01.optus.net.au', -38.10405137369611, 144.78408666748322, 7895, 'active'),
(922, 'be82.lsr01.brdg.nsw.vocus.network', -43.06419971896971, 147.0678195520226, 2833, 'active'),
(923, 'bundle-ether28.150btpr01.optus.net.au', -33.668257185622885, 150.84134104262105, 3954, 'active'),
(924, 'lag59.sclarinte01.aapt.net.au', -42.42583558791873, 146.84190903103303, 979, 'active'),
(925, 'be47.cor03.syd11.nsw.vocus.network', -37.45715182441502, 145.4279499636818, 3256, 'active'),
(926, 'lag51.sclarinte01.aapt.net.au', -27.509859513660377, 153.49822343618902, 448, 'active'),
(927, 'bundle-ether30.441btpr01.optus.net.au', -33.64693813029957, 151.06043154585177, 6942, 'active'),
(928, 'syd-gls-har-wgw62-be-184.tpgi.com.au', -37.929704104375446, 144.47552099268518, 4824, 'active'),
(929, 'lag6.sclarinte01.aapt.net.au', -35.06826219838684, 138.29806099743848, 5467, 'active'),
(930, 'be76.cor03.per01.wa.vocus.network', -37.52911048799602, 144.80621076537375, 9407, 'active'),
(931, 'syd-gls-har-crt47-be-487.tpg.com.au', -27.238327784805232, 153.08384296539475, 2889, 'active'),
(932, 'be95.lsr01.brdg.nsw.vocus.network', -34.4813255342683, 139.01688225537617, 9545, 'active'),
(933, 'bundle-ether66.343btpr01.optus.net.au', -35.344667380057764, 138.72216739611784, 4895, 'active'),
(934, 'bundle-ether88.382btpr01.optus.net.au', -27.43644202082397, 153.20986954617595, 8776, 'active'),
(935, 'syd-gls-har-crt28-be-289.tpg.com.au', -27.467752622635675, 152.67257504972034, 7659, 'active'),
(936, 'be91.cor03.per01.wa.vocus.network', -12.183001610856879, 130.65230415739228, 9826, 'active'),
(937, 'bundle-ether12.400btpr01.optus.net.au', -37.708955193280616, 145.4602389194389, 1398, 'active'),
(938, 'be9.cor03.per01.wa.vocus.network', -27.501842167893766, 153.07736569339716, 3813, 'active'),
(939, 'be55.lsr01.brdg.nsw.vocus.network', -38.03575399768611, 145.3186205404243, 5331, 'active'),
(940, 'lag4.sclarinte01.aapt.net.au', -33.65861198334587, 151.28957860739004, 8129, 'active'),
(941, 'syd-gls-har-wgw88-be-137.tpgi.com.au', -37.85569059480322, 144.8309953886624, 3945, 'active'),
(942, 'bundle-ether74.128btpr01.optus.net.au', -37.62251895794502, 144.99749298591698, 7696, 'active'),
(943, 'be69.cor03.syd11.nsw.vocus.network', -38.07495212716552, 144.5216087182525, 6962, 'active'),
(944, 'bundle-ether87.230btpr01.optus.net.au', -27.621837186693586, 152.84195397910602, 2628, 'active'),
(945, 'be23.cor03.per01.wa.vocus.network', -27.149351462372287, 153.08405983955757, 1947, 'active'),
(946, 'syd-gls-har-wgw25-be-329.tpgi.com.au', -34.50863191199495, 139.0621548260837, 4134, 'active'),
(947, 'be31.cor03.per01.wa.vocus.network', -34.13602718675812, 151.12408823200428, 4948, 'active'),
(948, 'bundle-ether41.272btpr01.optus.net.au', -42.528745295568804, 147.30222198297602, 7127, 'active'),
(949, 'syd-gls-har-crt95-be-308.tpg.com.au', -33.73908565737173, 150.7758347265057, 4518, 'active'),
(950, 'be95.cor03.syd11.nsw.vocus.network', -34.16043626653917, 150.90114943765707, 2152, 'active'),
(951, 'lag35.sclarinte01.aapt.net.au', -33.96653127100391, 150.91627028972215, 5857, 'inactive'),
(952, 'be8.cor03.per01.wa.vocus.network', -33.96784790394819, 151.38259083983465, 6041, 'inactive'),
(953, 'lag63.sclarinte01.aapt.net.au', -37.87919575614774, 144.7878361725278, 2803, 'inactive'),
(954, 'be69.lsr01.brdg.nsw.vocus.network', -32.43337696319925, 115.99982589203806, 4749, 'inactive'),
(955, 'be16.cor03.syd11.nsw.vocus.network', -27.371800528247924, 153.51194257839856, 8292, 'inactive'),
(956, 'lag84.sclarinte01.aapt.net.au', -33.4112799598861, 150.77325373166684, 5528, 'inactive'),
(957, 'lag77.sclarinte01.aapt.net.au', -32.236765178682326, 115.61190978551123, 6095, 'inactive'),
(958, 'syd-gls-har-crt92-be-135.tpg.com.au', -27.51995911704428, 152.6362011497999, 5841, 'inactive'),
(959, 'be52.cor03.syd11.nsw.vocus.network', -37.37330922423796, 145.42218577477635, 459, 'inactive'),
(960, 'lag66.sclarinte01.aapt.net.au', -33.59380973603485, 151.57469874359862, 2635, 'inactive'),
(961, 'be79.cor03.syd11.nsw.vocus.network', -34.94632504206733, 138.33750561965178, 294, 'inactive'),
(962, 'be50.cor03.syd11.nsw.vocus.network', -33.75468900817119, 151.11155675385376, 3014, 'inactive'),
(963, 'bundle-ether52.435btpr01.optus.net.au', -35.67588199947913, 149.41038231696461, 1530, 'inactive'),
(964, 'be77.cor03.per01.wa.vocus.network', -31.538055740915798, 115.97589744706882, 8810, 'inactive'),
(965, 'syd-gls-har-crt42-be-179.tpg.com.au', -31.87945230270838, 115.67600641413554, 5599, 'inactive'),
(966, 'syd-gls-har-crt41-be-294.tpg.com.au', -34.34242057029159, 150.8797155638847, 6562, 'inactive'),
(967, 'be88.cor03.per01.wa.vocus.network', -37.46773470196698, 144.74235473029987, 5392, 'inactive'),
(968, 'bundle-ether70.279btpr01.optus.net.au', -35.52839188737281, 149.21134573315248, 1490, 'inactive'),
(969, 'syd-gls-har-crt65-be-225.tpg.com.au', -35.214928257030245, 138.960094368879, 4639, 'inactive'),
(970, 'syd-gls-har-wgw17-be-480.tpgi.com.au', -34.47234507368089, 138.43414504061911, 739, 'inactive'),
(971, 'syd-gls-har-crt37-be-426.tpg.com.au', -35.49429455855352, 149.56774905188064, 687, 'inactive'),
(972, 'be26.cor03.syd11.nsw.vocus.network', -27.187313976074726, 153.16247783581727, 4318, 'inactive'),
(973, 'be62.cor03.syd11.nsw.vocus.network', -34.165087114965274, 151.32364662562017, 4306, 'inactive'),
(974, 'be61.lsr01.brdg.nsw.vocus.network', -37.64916873575747, 144.7356926792672, 8788, 'inactive'),
(975, 'lag99.sclarinte01.aapt.net.au', -27.5510803316882, 153.29135990804784, 8638, 'inactive'),
(976, 'bundle-ether86.324btpr01.optus.net.au', -38.045237761643016, 144.9666447481577, 6056, 'inactive'),
(977, 'lag50.sclarinte01.aapt.net.au', -37.84841804729718, 144.57738521294854, 4697, 'inactive'),
(978, 'lag81.sclarinte01.aapt.net.au', -34.91587673740344, 138.20297197620027, 5183, 'inactive'),
(979, 'syd-gls-har-wgw11-be-369.tpgi.com.au', -38.156372930059966, 145.40519156260015, 8926, 'inactive'),
(980, 'be70.lsr01.brdg.nsw.vocus.network', -31.542229299053915, 115.92521267257739, 2360, 'inactive'),
(981, 'syd-gls-har-crt14-be-220.tpg.com.au', -38.01790803886171, 144.9811843356887, 2268, 'inactive'),
(982, 'lag15.sclarinte01.aapt.net.au', -12.279142670060038, 130.64124607818755, 3558, 'inactive'),
(983, 'syd-gls-har-crt47-be-435.tpg.com.au', -34.08291913669223, 150.7899991145354, 5680, 'inactive'),
(984, 'syd-gls-har-crt95-be-339.tpg.com.au', -37.797492087787795, 144.93683127881178, 4636, 'inactive'),
(985, 'lag72.sclarinte01.aapt.net.au', -27.134822402285195, 153.36655595754004, 3452, 'inactive'),
(986, 'bundle-ether53.327btpr01.optus.net.au', -31.583992200169334, 115.89990642322512, 9354, 'inactive'),
(987, 'be39.cor03.syd11.nsw.vocus.network', -34.27403756518543, 151.090634976188, 6352, 'inactive'),
(988, 'be62.lsr01.brdg.nsw.vocus.network', -27.68942458628089, 152.63235553618404, 9391, 'inactive'),
(989, 'be51.cor03.syd11.nsw.vocus.network', -27.383117275880558, 152.73213973071373, 7721, 'inactive'),
(990, 'syd-gls-har-crt98-be-320.tpg.com.au', -33.926055157486054, 151.05682065822106, 7805, 'inactive'),
(991, 'be57.cor03.per01.wa.vocus.network', -37.58884187518083, 145.00829423105006, 778, 'inactive'),
(992, 'lag40.sclarinte01.aapt.net.au', -34.60402538176723, 138.23729567607174, 6925, 'inactive'),
(993, 'be32.lsr01.brdg.nsw.vocus.network', -34.26489279672129, 151.53737848397543, 4631, 'inactive'),
(994, 'lag11.sclarinte01.aapt.net.au', -27.440185245068562, 152.79779858481157, 9897, 'inactive'),
(995, 'be41.cor03.per01.wa.vocus.network', -27.895969642939065, 153.2676873443809, 7195, 'inactive'),
(996, 'syd-gls-har-wgw94-be-238.tpgi.com.au', -34.291145048288236, 151.27741831417313, 2529, 'inactive'),
(997, 'bundle-ether61.133btpr01.optus.net.au', -27.340218067965473, 153.22245227045153, 3338, 'inactive'),
(998, 'lag59.sclarinte01.aapt.net.au', -34.26047189998259, 150.80353136256753, 6207, 'inactive'),
(999, 'syd-gls-har-crt34-be-156.tpg.com.au', -27.603538912788082, 153.22826218565828, 1070, 'inactive'),
(1000, 'be55.lsr01.brdg.nsw.vocus.network', -35.11040407946014, 138.39421561799125, 1164, 'inactive');

INSERT INTO customer_network (customer_id, node_id) VALUES
(1, 18),
(2, 7),
(3, 5),
(4, 20),
(5, 7),
(6, 9),
(7, 13),
(8, 16),
(9, 6),
(10, 14),
(11, 16),
(12, 6),
(13, 13),
(14, 18),
(15, 15),
(16, 1),
(17, 9),
(18, 14),
(19, 4),
(20, 20),
(21, 10),
(22, 5),
(23, 8),
(24, 17),
(25, 14),
(26, 5),
(27, 20),
(28, 2),
(29, 1),
(30, 20),
(31, 5),
(32, 20),
(33, 13),
(34, 19),
(35, 11),
(36, 9),
(37, 12),
(38, 9),
(39, 3),
(40, 8),
(41, 15),
(42, 14),
(43, 15),
(44, 1),
(45, 1),
(46, 12),
(47, 1),
(48, 15),
(49, 19),
(50, 9),
(51, 13),
(52, 9),
(53, 19),
(54, 6),
(55, 7),
(56, 19),
(57, 9),
(58, 18),
(59, 19),
(60, 11),
(61, 19),
(62, 2),
(63, 10),
(64, 7),
(65, 5),
(66, 8),
(67, 10),
(68, 11),
(69, 16),
(70, 3),
(71, 12),
(72, 1),
(73, 14),
(74, 11),
(75, 14),
(76, 6),
(77, 7),
(78, 15),
(79, 7),
(80, 16),
(81, 14),
(82, 4),
(83, 11),
(84, 1),
(85, 12),
(86, 19),
(87, 5),
(88, 9),
(89, 14),
(90, 19),
(91, 1),
(92, 13),
(93, 18),
(94, 17),
(95, 4),
(96, 4),
(97, 12),
(98, 18),
(99, 7),
(100, 20);


INSERT INTO credit_cards (credit_card_id, expiry, cvv, number, customer_id) VALUES
(1, '2028-04-23', 651, '180042743618922', 1),
(2, '2028-12-24', 389, '38265925798238', 2),
(3, '2031-01-12', 900, '2702264109236355', 3),
(4, '2026-05-05', 104, '1000000000000004', 4),
(5, '2027-06-06', 105, '1000000000000005', 5),
(6, '2028-07-07', 106, '1000000000000006', 6),
(7, '2029-08-08', 107, '1000000000000007', 7),
(8, '2030-09-09', 108, '1000000000000008', 8),
(9, '2031-10-10', 109, '1000000000000009', 9),
(10, '2022-11-11', 110, '1000000000000010', 10),
(11, '2023-12-12', 111, '1000000000000011', 11),
(12, '2024-01-13', 112, '1000000000000012', 12),
(13, '2025-02-14', 113, '1000000000000013', 13),
(14, '2026-03-15', 114, '1000000000000014', 14),
(15, '2027-04-16', 115, '1000000000000015', 15),
(16, '2028-05-17', 116, '1000000000000016', 16),
(17, '2029-06-18', 117, '1000000000000017', 17),
(18, '2030-07-19', 118, '1000000000000018', 18),
(19, '2031-08-20', 119, '1000000000000019', 19),
(20, '2022-09-21', 120, '1000000000000020', 20),
(21, '2023-10-22', 121, '1000000000000021', 21),
(22, '2024-11-23', 122, '1000000000000022', 22),
(23, '2025-12-24', 123, '1000000000000023', 23),
(24, '2026-01-25', 124, '1000000000000024', 24),
(25, '2027-02-26', 125, '1000000000000025', 25),
(26, '2028-03-27', 126, '1000000000000026', 26),
(27, '2029-04-28', 127, '1000000000000027', 27),
(28, '2030-05-01', 128, '1000000000000028', 28),
(29, '2031-06-02', 129, '1000000000000029', 29),
(30, '2022-07-03', 130, '1000000000000030', 30),
(31, '2023-08-04', 131, '1000000000000031', 31),
(32, '2024-09-05', 132, '1000000000000032', 32),
(33, '2025-10-06', 133, '1000000000000033', 33),
(34, '2026-11-07', 134, '1000000000000034', 34),
(35, '2027-12-08', 135, '1000000000000035', 35),
(36, '2028-01-09', 136, '1000000000000036', 36),
(37, '2029-02-10', 137, '1000000000000037', 37),
(38, '2030-03-11', 138, '1000000000000038', 38),
(39, '2031-04-12', 139, '1000000000000039', 39),
(40, '2022-05-13', 140, '1000000000000040', 40),
(41, '2023-06-14', 141, '1000000000000041', 41),
(42, '2024-07-15', 142, '1000000000000042', 42),
(43, '2025-08-16', 143, '1000000000000043', 43),
(44, '2026-09-17', 144, '1000000000000044', 44),
(45, '2027-10-18', 145, '1000000000000045', 45),
(46, '2028-11-19', 146, '1000000000000046', 46),
(47, '2029-12-20', 147, '1000000000000047', 47),
(48, '2030-01-21', 148, '1000000000000048', 48),
(49, '2031-02-22', 149, '1000000000000049', 49),
(50, '2022-03-23', 150, '1000000000000050', 50),
(51, '2023-04-24', 151, '1000000000000051', 51),
(52, '2024-05-25', 152, '1000000000000052', 52),
(53, '2025-06-26', 153, '1000000000000053', 53),
(54, '2026-07-27', 154, '1000000000000054', 54),
(55, '2027-08-28', 155, '1000000000000055', 55),
(56, '2028-09-01', 156, '1000000000000056', 56),
(57, '2029-10-02', 157, '1000000000000057', 57),
(58, '2030-11-03', 158, '1000000000000058', 58),
(59, '2031-12-04', 159, '1000000000000059', 59),
(60, '2022-01-05', 160, '1000000000000060', 60),
(61, '2023-02-06', 161, '1000000000000061', 61),
(62, '2024-03-07', 162, '1000000000000062', 62),
(63, '2025-04-08', 163, '1000000000000063', 63),
(64, '2026-05-09', 164, '1000000000000064', 64),
(65, '2027-06-10', 165, '1000000000000065', 65),
(66, '2028-07-11', 166, '1000000000000066', 66),
(67, '2029-08-12', 167, '1000000000000067', 67),
(68, '2030-09-13', 168, '1000000000000068', 68),
(69, '2031-10-14', 169, '1000000000000069', 69),
(70, '2022-11-15', 170, '1000000000000070', 70),
(71, '2023-12-16', 171, '1000000000000071', 71),
(72, '2024-01-17', 172, '1000000000000072', 72),
(73, '2025-02-18', 173, '1000000000000073', 73),
(74, '2026-03-19', 174, '1000000000000074', 74),
(75, '2027-04-20', 175, '1000000000000075', 75),
(76, '2028-05-21', 176, '1000000000000076', 76),
(77, '2029-06-22', 177, '1000000000000077', 77),
(78, '2030-07-23', 178, '1000000000000078', 78),
(79, '2031-08-24', 179, '1000000000000079', 79),
(80, '2022-09-25', 180, '1000000000000080', 80),
(81, '2023-10-26', 181, '1000000000000081', 81),
(82, '2024-11-27', 182, '1000000000000082', 82),
(83, '2025-12-28', 183, '1000000000000083', 83),
(84, '2026-01-01', 184, '1000000000000084', 84),
(85, '2027-02-02', 185, '1000000000000085', 85),
(86, '2028-03-03', 186, '1000000000000086', 86),
(87, '2029-04-04', 187, '1000000000000087', 87),
(88, '2030-05-05', 188, '1000000000000088', 88),
(89, '2031-06-06', 189, '1000000000000089', 89),
(90, '2022-07-07', 190, '1000000000000090', 90),
(91, '2023-08-08', 191, '1000000000000091', 91),
(92, '2024-09-09', 192, '1000000000000092', 92),
(93, '2025-10-10', 193, '1000000000000093', 93),
(94, '2026-11-11', 194, '1000000000000094', 94),
(95, '2027-12-12', 195, '1000000000000095', 95),
(96, '2028-01-13', 196, '1000000000000096', 96),
(97, '2029-02-14', 197, '1000000000000097', 97),
(98, '2030-03-15', 198, '1000000000000098', 98),
(99, '2031-04-16', 199, '1000000000000099', 99),
(100, '2022-05-17', 200, '1000000000000100', 100);

INSERT INTO devices (device_id, brand, model, image, sf_record) VALUES
(1, 'Samsung', 'Galaxy Note 20', 'galaxy-note-20.png', 'a0l61000003p51NHNA'),
(2, 'Xiaomi', 'Redmi Note 10', '', ''),
(3, 'Apple', 'iPhone 13', 'iphone-13.png', ''),
(4, 'Huawei', 'P50 Pro', 'p50-pro.png', 'a0l61000003p23PPYU'),
(5, 'Xiaomi', 'Mi 11', '', ''),
(6, 'Apple', 'iPhone 15', '', ''),
(7, 'Oppo', 'A74', '', ''),
(8, 'Oppo', 'Find X3 Pro', '', ''),
(9, 'Oppo', 'Reno6 Pro', '', ''),
(10, 'Apple', 'iPhone 14', 'iphone-14.png', ''),
(11, 'Xiaomi', 'Poco F3', '', ''),
(12, 'Huawei', 'Mate 40 Pro', '', ''),
(13, 'Samsung', 'Galaxy Z Fold3', '', ''),
(14, 'Apple', 'iPhone 15 Pro Max', 'iphone-15-pro-max.png', ''),
(15, 'Huawei', 'Nova 9', '', ''),
(16, 'Oppo', 'A74 5G', '', ''),
(17, 'Samsung', 'Galaxy Z Fold3 5G', '', ''),
(18, 'Xiaomi', 'Redmi Note 10 Pro', 'redmi-10-pro.png', ''),
(19, 'Huawei', 'Nova 9 SE', '', ''),
(20, 'Xiaomi', 'Redmi Note 10S', '', ''),
(21, 'Huawei', 'P50 Pro Plus', '', ''),
(22, 'Oppo', 'Reno6 5G', '', ''),
(23, 'Huawei', 'P50 Pro New Edition', 'p50-pro-new.png', ''),
(24, 'Samsung', 'Galaxy Z Fold3 Ultra', '', ''),
(25, 'Xiaomi', 'Redmi Note 10 Lite', '', ''),
(26, 'Oppo', 'Reno6 Z', '', ''),
(27, 'Apple', 'iPhone 14 Plus', '', ''),
(28, 'Oppo', 'Reno6 Pro Plus', '', ''),
(29, 'Apple', 'iPhone 12 Mini', 'iphone-12-mini.png', ''),
(30, 'Huawei', 'Nova 9 Pro', 'nova-9-pro.png', ''),
(31, 'Huawei', 'Nova 9 Lite', 'nova-9-lite.png', ''),
(32, 'Apple', 'iPhone 15 Pro', 'iphone-15-pro-max.png', ''),
(33, 'Samsung', 'Galaxy S22 Ultra', '', ''),
(34, 'Huawei', 'P50 Pro Elite', '', ''),
(35, 'Apple', 'iPhone 14 Pro', '', ''),
(36, 'Apple', 'iPhone 14 Pro Max', '', ''),
(37, 'Apple', 'iPhone 12', 'iphone-12.png', ''),
(38, 'Xiaomi', 'Mi 11 Ultra', '', ''),
(39, 'Huawei', 'P50 Pro Classic', 'p50-pro-classic.png', ''),
(40, 'Apple', 'iPhone 13 Pro', '', ''),
(41, 'Oppo', 'Reno6 Pro 5G', 'reno-6-pro-5g.png', ''),
(42, 'Oppo', 'A74 Pro', '', ''),
(43, 'Samsung', 'Galaxy S22 Plus', '', ''),
(44, 'Oppo', 'Reno6 Pro Max', 'reno-6-pro-max.png', ''),
(45, 'Oppo', 'Find X3 Neo', '', ''),
(46, 'Huawei', 'Mate 40 Pro Plus', '', ''),
(47, 'Oppo', 'A74 Elite', '', ''),
(48, 'Xiaomi', 'Poco F3 GT', 'poco-f3-gt.png', ''),
(49, 'Samsung', 'Galaxy Z Fold3 Flip', '', ''),
(50, 'Samsung', 'Galaxy Z Fold3 Lite', 'galaxy-fold3-lite.png', ''),
(51, 'Netgear', 'Nighthawk M1', '', ''),
(52, 'ARRIS', 'SURFboard SB8200', 'sb8200.png', ''),
(53, 'Motorola', 'MB8600', '', ''),
(54, 'TP-Link', 'Archer CR700', 'archer-cr700.png', ''),
(55, 'ASUS', 'CM-32 AC2600', '', ''),
(56, 'Linksys', 'CM3024', '', ''),
(57, 'Netgear', 'CM1000', 'cm1000.png', ''),
(58, 'Motorola', 'MG7700', '', ''),
(59, 'ARRIS', 'SURFboard SBG8300', 'sbg8300.png', ''),
(60, 'TP-Link', 'Archer CR500', '', ''),
(61, 'ASUS', 'DSL-AC88U', '', '');

INSERT INTO customer_plan_devices (customer_plan_id, device_id) VALUES
(1, 15),
(2, 44),
(3, 18),
(4, 3),
(5, 51),
(6, 15),
(7, 52),
(8, 18),
(9, 41),
(10, 55),
(11, 23),
(12, 52),
(13, 13),
(14, 49),
(15, 54),
(16, 3),
(17, 50),
(18, 55),
(19, 5),
(20, 51),
(21, 14),
(22, 37),
(23, 52),
(24, 27),
(25, 7),
(26, 55),
(27, 55),
(28, 26),
(29, 54),
(30, 18),
(31, 53),
(32, 31),
(33, 24),
(34, 53),
(35, 51),
(36, 14),
(37, 50),
(38, 21),
(39, 52),
(40, 50),
(41, 50),
(42, 54),
(43, 51),
(44, 37),
(45, 38),
(46, 52),
(47, 51),
(48, 27),
(49, 52),
(50, 52),
(51, 54),
(52, 54),
(53, 52),
(54, 33),
(55, 54),
(56, 54),
(57, 43),
(58, 32),
(59, 34),
(60, 53),
(61, 50),
(62, 55),
(63, 52),
(64, 2),
(65, 50),
(66, 51),
(67, 52),
(68, 50),
(69, 41),
(70, 50),
(71, 15),
(72, 51),
(73, 52),
(74, 55),
(75, 10),
(76, 2),
(77, 39),
(78, 53),
(79, 54),
(80, 52),
(81, 49),
(82, 21),
(83, 49),
(84, 12),
(85, 1),
(86, 52),
(87, 40),
(88, 32),
(89, 6),
(90, 52),
(91, 30),
(92, 31),
(93, 25),
(94, 54),
(95, 41),
(96, 51),
(97, 6),
(98, 32),
(99, 54),
(100, 53),
(101, 15),
(102, 13),
(103, 12),
(104, 46),
(105, 54),
(106, 52),
(107, 4),
(108, 39),
(109, 41),
(110, 4),
(111, 5),
(112, 51),
(113, 51),
(114, 55),
(115, 2),
(116, 50),
(117, 2),
(118, 51),
(119, 48),
(120, 50),
(121, 8),
(122, 45),
(123, 41),
(124, 43),
(125, 55),
(126, 52),
(127, 23),
(128, 6),
(129, 20),
(130, 52),
(131, 5),
(132, 33),
(133, 55),
(134, 18),
(135, 49),
(136, 51),
(137, 51),
(138, 56),
(139, 17),
(140, 47),
(141, 54),
(142, 28),
(143, 59),
(144, 48),
(145, 59),
(146, 50),
(147, 36),
(148, 57),
(149, 53),
(150, 38),
(151, 9),
(152, 44),
(153, 51),
(154, 59),
(155, 50),
(156, 52),
(157, 46),
(158, 57),
(159, 13),
(160, 12),
(161, 55),
(162, 21),
(163, 49),
(164, 43),
(165, 10),
(166, 17),
(167, 61),
(168, 33),
(169, 13),
(170, 22),
(171, 60),
(172, 38),
(173, 1),
(174, 60),
(175, 40),
(176, 38),
(177, 59),
(178, 13),
(179, 55),
(180, 41),
(181, 52),
(182, 2),
(183, 21),
(184, 40),
(185, 57),
(186, 54),
(187, 51),
(188, 20),
(189, 58),
(190, 51),
(191, 52),
(192, 16),
(193, 44),
(194, 20),
(195, 50),
(196, 11),
(197, 18),
(198, 43),
(199, 23),
(200, 16),
(201, 32);

INSERT INTO customer_link (customer_id, customer_guid) VALUES
(1, '5e58b417-3cde-4cbd-b9e7-7896cf3d435b'),
(2, '859d2da9-c54d-4501-82ec-04bd3a276cd8'),
(3, '6d4f76b5-31b4-4018-bb54-2cdd2bd4ace6'),
(4, 'fe0d91d6-2237-4343-9b70-626997d40025'),
(5, '4a071173-8666-4368-bc46-ef8dd58c9406'),
(6, 'b8b31280-c88c-44c8-8f89-66262c1b57b0'),
(7, 'dd264970-f61f-429f-97f8-4761fea4de2f'),
(8, 'd6d8dc95-2321-49f2-a86f-e5ddf50e3129'),
(9, 'e6b467db-557a-443f-8da0-c3dcaec5663a'),
(10, '3afe9e44-7e01-4d8c-a610-ddac5662396d'),
(11, '2e8dd6e8-cc7d-4bd7-ba52-ce7ae20bc0c6'),
(12, '2373100d-630d-41fe-93dd-1134dbbe7e0e'),
(13, 'c2646b8f-6f3d-4b91-a8ae-b5a47073f997'),
(14, 'adff1f8e-e518-4ea6-80ca-c9ac9c7a5c33'),
(15, '5e609951-4c6d-47b8-8d25-d6f73ab1032b'),
(16, '1a284372-b632-491a-95e9-fff159a76d21'),
(17, 'b2570f3f-8f2e-4f2b-a82f-00da213f68bc'),
(18, '1ec159cd-1e5b-4519-8a15-233fb6badd4d'),
(19, '250de58a-17b3-4aad-96e5-21b8028f2da2'),
(20, 'a9e2c82b-cbb3-48a0-88e2-8c4c370e727c'),
(21, '3f711a10-53ac-4609-b061-c4d6ae5cd2d6'),
(22, 'eadeab1b-eb46-4257-9680-62a4e846ff56'),
(23, 'bea981be-622c-47dc-b06e-f93e7f6fcc8c'),
(24, 'cdf887b8-8fd0-4fe1-b3b0-857792813f3d'),
(25, '56f07f91-10ad-45ab-a0bb-3133f125a669'),
(26, 'b1b77625-4046-4753-8dac-52d95248aee7'),
(27, '83a58359-c018-4190-90ca-459d0794ebdb'),
(28, '60843adc-b408-4146-b75a-120a53ebe69c'),
(29, 'd5f16f1a-a4d3-4775-bf8d-54a7537c1af7'),
(30, '1969bbcb-d9bf-43db-b849-f31969a5391c'),
(31, 'e213281b-339d-403c-aaae-e925e19d4da9'),
(32, 'c09ea3a3-a7e9-46cd-bfb7-9a2bedc95cc2'),
(33, 'fb6e1f6b-6eb0-4e43-bef0-412fae682158'),
(34, '3ce95a8e-0775-4c74-a76c-c0d4b1d9169e'),
(35, 'cba3ab69-fac8-4094-a271-38d6a9600bac'),
(36, 'ede031dc-6370-4307-bb7b-375187141ee3'),
(37, 'cc611e70-8af8-4315-a35a-69198e35c526'),
(38, 'a2f97322-bc51-46ed-a14f-c0c587151796'),
(39, '3d4da6a7-ff85-4eb1-955e-61beb017c170'),
(40, 'cdb74bc6-00f7-4cf7-8d42-527238afe3a2'),
(41, '2d553286-835f-4404-804d-d281e0d4a0b6'),
(42, '928d1630-2258-49f4-8821-f5b1f3ac40ea'),
(43, '59898f71-c9c9-48f4-8104-ad62b7b441b2'),
(44, '2a5c829c-dbed-415d-bd77-59029fb9c0f5'),
(45, '47e9397f-3af9-466b-9513-9b40d5ef027f'),
(46, '3a4f0839-310a-440f-b6d8-748c934d7cec'),
(47, 'eb783b09-7997-424a-869c-210e58e38d91'),
(48, '54350f41-ad97-40f4-8161-6e9a628a0df7'),
(49, '8c418e68-48aa-411b-8ced-21984fe9db6d'),
(50, '98cc225f-1ade-4936-af64-701183f4eeaf'),
(51, '13e68987-db07-423c-b1f8-69fbc461658e'),
(52, '1ba53ec7-c99d-46b6-80e8-8650c4696ba1'),
(53, 'fdf4cba8-4c47-4038-9515-e61360a666ed'),
(54, 'd83da028-a09b-4b4b-bde2-fec4af6a31b0'),
(55, 'ce396a23-10e2-4252-b756-685308207bf1'),
(56, '361986fa-123f-4817-aa16-3f6b8ae368a2'),
(57, '03775cc7-9186-45ef-a090-ba6fc711fb81'),
(58, '1f8d6822-8b51-452f-8a80-f4d03d01384e'),
(59, 'd35250ee-1615-4490-aabc-32cfec3c43f3'),
(60, '838f7882-b114-42ce-98e3-1c9facaf4835'),
(61, '6d363273-8278-4013-9f7e-e8da036e634a'),
(62, '41f8b31e-a172-4b68-8148-a0d350998c03'),
(63, '1d8576dd-a741-4c55-828f-90154dce55fd'),
(64, 'eb36ad5b-f6ab-4c18-a180-4f0f8f4964c5'),
(65, '8e616e1c-e514-484d-bddc-5296e3fde187'),
(66, 'e2304b5c-15b5-4d84-aec6-fdef4d6bb3d2'),
(67, 'f46eed39-eeff-4d80-b6d2-9849226c6816'),
(68, 'bc024054-49fa-45c4-90fd-3a44980fdf78'),
(69, 'c4eb8d4c-d28d-4bbf-b2af-a72c97cfccb6'),
(70, '3ebc550d-c14b-4a18-9dad-2fa328063486'),
(71, 'f1a5ea36-30c6-4d0e-99ab-c9578ff321ce'),
(72, 'beceb10a-a2a4-4ba3-a7ec-202724124330'),
(73, 'd97d5a32-ac0a-45d3-8baf-bb3b24a4f1f6'),
(74, '55bb9264-3230-421c-b249-3e299d4de9d7'),
(75, '1da7707e-d1a1-4989-a104-aae364d2f9b7'),
(76, '96dbde7a-aa94-466e-9480-666220398fff'),
(77, 'a4008bd3-cd15-4581-944e-c2e003ce6da4'),
(78, 'c32f754b-ef6c-4140-aa96-4736b1d0739d'),
(79, 'aee7a5f0-0b6a-46c8-968f-49a087e69e58'),
(80, 'f7c7820a-fefc-4ecc-b120-5f0869cbf4cc'),
(81, 'fb58ecf7-c670-4729-bec2-9b5eb877c5d9'),
(82, '825cd363-053e-4f6e-b7c3-7c3cb3d7336c'),
(83, 'fabe9a77-cc2d-43bb-93e4-0f5d90aaf077'),
(84, 'db2f7e4a-6682-4ba2-9568-edb2a005d543'),
(85, 'f995b872-6bbb-4553-aebd-5e8a241b05af'),
(86, '1bdfcbdb-b9d2-4a55-9dfb-cb1e8afc245d'),
(87, 'db8b20a0-e387-4c5b-bb63-ce5467edcf91'),
(88, '27d71eb9-250f-4130-9485-fdf8ace8bb3e'),
(89, 'd562c9e4-1415-465e-b0c5-1ccfe1032832'),
(90, '087d4d2a-1f7b-461c-b13c-ab55c79cb4d4'),
(91, '38745d1f-3200-49a8-bc0e-b5ba34f98152'),
(92, '11798e10-aa49-4c28-8075-eac791ca1a8f'),
(93, '285e3e2b-9d48-479a-9528-c46dc59b6e2e'),
(94, 'b5a20328-6237-4bdc-b2b0-bc5496bac4b1'),
(95, '7b0dcbb9-1291-4bdd-aa24-2a3fa2faa51b'),
(96, 'ee4006c8-1bd9-421a-af88-1828ab96e6b5'),
(97, '536aadf0-1098-487c-9a63-5fe623591da7'),
(98, '130dce11-b01f-4e0e-82e0-c7fc00922225'),
(99, '31750099-435b-46c8-9271-1c30fd70d156'),
(100, 'cc52ba76-6236-4c5b-b999-93fd74194c7d');

INSERT INTO deals 
(deal_id, deal_name, description, customer_segment, min_monthly_spend, max_monthly_spend, start_date, end_date, additional_benefits, terms_conditions) 
VALUES
(1, 'Family Fun Pack', 'Discounted rates for family entertainment packages.', 'family', 100.00, 300.00, '2024-01-01', '2024-12-31', 'Access to family events and parks.', 'Valid for up to 4 family members.'),
(2, 'Family Data Bundle', 'Extra data for the whole family.', 'family', 50.00, 150.00, '2024-01-01', '2024-12-31', '20GB additional data monthly.', 'Data usage shared among family members.'),
(3, 'Family Travel Saver', 'Discounts on family travel packages.', 'family', 200.00, 500.00, '2024-01-01', '2024-12-31', 'Special rates for family vacations.', 'Advance booking required.'),
(4, 'Family Health Wellness', 'Health and wellness benefits for the family.', 'family', 75.00, 200.00, '2024-01-01', '2024-12-31', 'Access to gyms and health clubs.', 'Includes family health insurance coverage.'),
(5, 'Tech Early Access', 'Early access to the latest tech gadgets.', 'tech-savvy', 150.00, 400.00, '2024-01-01', '2024-12-31', 'Exclusive previews of new tech products.', 'Purchase required to maintain eligibility.'),
(6, 'Tech Support Plus', '24/7 premium tech support.', 'tech-savvy', 100.00, 250.00, '2024-01-01', '2024-12-31', 'Dedicated tech support hotline.', 'Limited to 3 incidents per month.'),
(7, 'Tech Upgrade Deal', 'Special discounts on technology upgrades.', 'tech-savvy', 200.00, 500.00, '2024-01-01', '2024-12-31', 'Trade-in options for old devices.', 'Valid on select brands and models only.'),
(8, 'Tech Enthusiast Club', 'Membership to an exclusive tech community.', 'tech-savvy', 50.00, 150.00, '2024-01-01', '2024-12-31', 'Access to tech workshops and seminars.', 'Membership fees apply.'),
(9, 'Budget Saver Plan', 'Reduced rates for essential services.', 'budget-conscious', 30.00, 70.00, '2024-01-01', '2024-12-31', 'Discounts on utilities and groceries.', 'Monthly spending review required.'),
(10, 'Economical Shopping Deals', 'Exclusive discounts at partner retailers.', 'budget-conscious', 20.00, 100.00, '2024-01-01', '2024-12-31', 'Coupons for clothing and household items.', 'Minimum purchase amounts apply.'),
(11, 'Budget Travel Offers', 'Affordable travel deals for budget-conscious customers.', 'budget-conscious', 50.00, 200.00, '2024-01-01', '2024-12-31', 'Discounted airfare and accommodation.', 'Blackout dates and restrictions apply.'),
(12, 'Saving Essentials Package', 'Special offers on everyday essentials.', 'budget-conscious', 40.00, 120.00, '2024-01-01', '2024-12-31', 'Cashback on groceries and utilities.', 'Valid at participating stores only.'),
(13, 'Traveler''s Exclusive', 'Special deals for frequent travelers.', 'frequent-traveler', 100.00, 300.00, '2024-01-01', '2024-12-31', 'Access to airport lounges and priority boarding.', 'Frequent flyer membership required.'),
(14, 'Global Roaming Pack', 'Reduced rates on international roaming.', 'frequent-traveler', 50.00, 150.00, '2024-01-01', '2024-12-31', 'Free data and calls in select countries.', 'Fair usage policy applies.'),
(15, 'Jetsetter Hotel Discounts', 'Discounted rates at luxury hotels worldwide.', 'frequent-traveler', 200.00, 500.00, '2024-01-01', '2024-12-31', 'Exclusive room upgrades and amenities.', 'Advance booking required.'),
(16, 'Travel Insurance Plus', 'Comprehensive travel insurance for frequent travelers.', 'frequent-traveler', 75.00, 250.00, '2024-01-01', '2024-12-31', 'Coverage for travel inconveniences and emergencies.', 'Annual policy renewal required.'),
(17, 'High Data Plan', 'Increased data limits at competitive rates.', 'high-data', 50.00, 150.00, '2024-01-01', '2024-12-31', '50GB extra data per month.', 'Overage charges apply beyond allotted data.'),
(18, 'Streaming Unlimited', 'Unlimited access to popular streaming services.', 'high-data', 70.00, 200.00, '2024-01-01', '2024-12-31', 'Free subscriptions to streaming platforms.', 'Subject to fair usage policy.'),
(19, 'Data Booster Pack', 'Additional data packs at discounted rates.', 'high-data', 30.00, 100.00, '2024-01-01', '2024-12-31', '20GB data add-on at a special price.', 'Can be availed multiple times.'),
(20, 'High-Speed Internet Deal', 'Exclusive deals on high-speed internet plans.', 'high-data', 100.00, 300.00, '2024-01-01', '2024-12-31', 'Priority access to new internet technologies.', 'Minimum contract term applies.');

-- Update sequences to ensure inserts work
SELECT setval('public.customers_customer_id_seq', COALESCE((SELECT MAX(customer_id)+1 FROM public.customers), 1), false);

SELECT setval('public.plans_plan_id_seq', COALESCE((SELECT MAX(plan_id)+1 FROM public.plans), 1), false);

SELECT setval('public.customer_plans_customer_plan_id_seq', COALESCE((SELECT MAX(customer_plan_id)+1 FROM public.customer_plans), 1), false);

SELECT setval('public.billing_billing_id_seq', COALESCE((SELECT MAX(billing_id)+1 FROM public.billing), 1), false);

SELECT setval('public.network_node_id_seq', COALESCE((SELECT MAX(node_id)+1 FROM public.network), 1), false);

SELECT setval('public.credit_cards_credit_card_id_seq', COALESCE((SELECT MAX(credit_card_id)+1 FROM public.credit_cards), 1), false);

SELECT setval('public.devices_device_id_seq', COALESCE((SELECT MAX(device_id)+1 FROM public.devices), 1), false);

SELECT setval('public.customer_link_id_seq', COALESCE((SELECT MAX(id)+1 FROM public.customer_link), 1), false);

SELECT setval('public.deals_deal_id_seq', COALESCE((SELECT MAX(deal_id)+1 FROM deals), 1), false);

